"booking_id";"user_id";"lat";"lng";"booking_date";"booking_time";"subscription_type";"subscription_start_date";"subscription_end_date"
1;"d9426272-2b11-4cce-aa0f-57750019cdae";28.6316285;77.0571839;"2024-01-13 00:00:00";"14:30:00";"Z";"2023-08-31";"2024-02-02"
2;"03b34e54-18a2-400a-a38f-3c2aa7d3455e";28.5899398;77.3455468;"2024-01-15 00:00:00";"10:00:00";"Y";"2023-06-26";"2023-08-17"
3;"a6a5296c-0755-4b04-ac5f-870b64a3ba65";28.4301499;77.5061641;"2024-01-18 00:00:00";"16:45:00";"Z";"2023-10-23";"2024-03-15"
4;"df1c4536-941b-48ad-830d-35c9f025932c";28.6316285;77.0571839;"2024-01-20 00:00:00";"12:15:00";"X";"2023-10-07";"2023-11-07"
5;"b50b3a45-9729-43d6-b452-6c69ac7094de";28.6343907;77.1703775;"2024-01-22 00:00:00";"09:30:00";"Z";"2023-01-01";"2023-02-12"
6;"dbfe579e-0d00-4f99-92c2-49ef8e589ca6";28.6111863;77.4327262;"2024-01-25 00:00:00";"18:00:00";"X";"2023-06-10";"2023-11-14"
7;"86c4a13b-f17d-46c4-89c6-8a3e3e685360";28.7041;77.1025;"2024-01-28 00:00:00";"11:20:00";"Z";"2023-11-16";"2024-01-22"
8;"e2b0e15c-2942-4715-b483-3cb6fd0601aa";28.6692;77.4538;"2024-01-30 00:00:00";"15:10:00";"Y";"2023-06-08";"2023-08-07"
9;"c0d40f5a-7a30-450e-b4c5-ae8f72749f09";28.4744;77.0597;"2024-02-02 00:00:00";"13:45:00";"Y";"2023-05-10";"2023-06-17"
10;"b50b3a45-9729-43d6-b452-6c69ac7094de";28.6139;77.209;"2024-02-04 00:00:00";"10:30:00";"Z";"2023-01-01";"2023-02-12"
11;"3771c1be-fd5c-4398-ae8e-6397149ef6e2";28.6467;77.3733;"2024-02-06 00:00:00";"17:15:00";"Z";"2023-10-02";"2024-03-20"
12;"186729db-aad9-4cad-8d6b-bec5d63b0bbb";28.5672;77.21;"2024-02-08 00:00:00";"14:30:00";"Z";"2023-08-13";"2023-09-12"
13;"b2d9d5c6-2be7-47a5-b18e-9bf468797df6";28.4591;77.072;"2024-02-10 00:00:00";"09:00:00";"X";"2023-12-30";"2024-05-26"
14;"4ab4a2df-deae-4de8-ab9b-7de93688e113";28.5921;77.046;"2024-02-12 00:00:00";"16:00:00";"Z";"2023-03-28";"2023-09-01"
15;"f10b9db8-fca6-49cc-8f88-4d5a765848a6";28.6219;77.0878;"2024-02-14 00:00:00";"11:45:00";"Y";"2023-05-14";"2023-09-27"
16;"03b34e54-18a2-400a-a38f-3c2aa7d3455e";28.57;77.35;"2024-02-16 00:00:00";"13:20:00";"Y";"2023-06-26";"2023-08-17"
17;"2fffb7b4-ff08-4f74-b243-d58734c36999";28.6345;77.37;"2024-02-18 00:00:00";"15:50:00";"Y";"2023-03-19";"2023-05-03"
18;"2b758837-1fbe-407e-a890-f0937363e456";28.681;77.08;"2024-02-20 00:00:00";"10:10:00";"X";"2023-05-07";"2023-09-01"
19;"b47cf4d4-dc12-4bc3-a0fe-4f60add10b0e";28.474;77.05;"2024-02-22 00:00:00";"12:40:00";"X";"2023-02-20";"2023-04-15"
20;"4ab4a2df-deae-4de8-ab9b-7de93688e113";28.5245;77.1587;"2024-02-24 00:00:00";"18:30:00";"Z";"2023-03-28";"2023-09-01"
21;"7fb660bf-3c8a-4df1-8495-5e54e67a5d23";28.535;77.27;"2024-01-13 00:00:00";"14:30:00";"Z";"2023-08-17";"2024-01-31"
22;"3771c1be-fd5c-4398-ae8e-6397149ef6e2";28.408;77.31;"2024-01-18 00:00:00";"16:45:00";"Z";"2023-10-02";"2024-03-20"
23;"4b02be81-7acb-456c-b29e-d7273fd054d6";28.61;77.295;"2024-01-25 00:00:00";"18:00:00";"X";"2023-12-12";"2024-05-16"
24;"c0d40f5a-7a30-450e-b4c5-ae8f72749f09";28.69;77.18;"2024-01-30 00:00:00";"15:10:00";"Y";"2023-05-10";"2023-06-17"
25;"b2d9d5c6-2be7-47a5-b18e-9bf468797df6";28.58;77.34;"2024-02-04 00:00:00";"10:30:00";"X";"2023-12-30";"2024-05-26"
26;"5401ce6f-0069-4bfc-bae5-7a496c3e6b42";28.65;77.14;"2024-02-08 00:00:00";"14:30:00";"X";"2023-07-03";"2023-08-29"
27;"31cbb08a-15e7-49a1-ac84-5e9aa8b1a400";28.44;77.06;"2024-02-12 00:00:00";"16:00:00";"Z";"2023-10-31";"2023-12-18"
28;"4ab4a2df-deae-4de8-ab9b-7de93688e113";28.75;77.2;"2024-02-16 00:00:00";"13:20:00";"Z";"2023-03-28";"2023-09-01"
29;"a6a5296c-0755-4b04-ac5f-870b64a3ba65";28.68;77.06;"2024-02-20 00:00:00";"10:10:00";"Z";"2023-10-23";"2024-03-15"
30;"86c4a13b-f17d-46c4-89c6-8a3e3e685360";28.55;77.25;"2024-02-24 00:00:00";"18:30:00";"Z";"2023-11-16";"2024-01-22"
31;"86c4a13b-f17d-46c4-89c6-8a3e3e685360";28.459497;77.026634;"2024-01-02 00:00:00";"11:00:00";"Z";"2023-11-16";"2024-01-22"
32;"40ed5def-5991-44d0-9a34-9398fdf00fdd";28.408912;76.942631;"2024-01-04 00:00:00";"15:30:00";"Z";"2023-12-30";"2024-05-13"
33;"2b758837-1fbe-407e-a890-f0937363e456";28.535517;77.391029;"2024-01-06 00:00:00";"10:15:00";"X";"2023-05-07";"2023-09-01"
34;"e5074f18-858e-4cfb-a96e-8fb000a88a3c";28.70406;77.102493;"2024-01-08 00:00:00";"09:00:00";"X";"2023-05-04";"2023-06-09"
35;"2484f4b9-ff1b-4545-9c66-da5f809c84d5";28.474388;77.085548;"2024-01-10 00:00:00";"12:30:00";"X";"2023-02-10";"2023-06-16"
36;"35001a7c-fe19-4c07-9c4c-11fb8c9efbb1";28.62804;77.206532;"2024-01-12 00:00:00";"14:00:00";"Y";"2023-06-02";"2023-10-21"
37;"73b5cf80-e6e7-45a3-88a3-51b0057caacc";28.5672;77.32666;"2024-01-14 00:00:00";"16:00:00";"Y";"2023-05-24";"2023-10-21"
38;"7fb660bf-3c8a-4df1-8495-5e54e67a5d23";28.669156;77.132248;"2024-01-16 00:00:00";"18:00:00";"Z";"2023-08-17";"2024-01-31"
39;"35001a7c-fe19-4c07-9c4c-11fb8c9efbb1";28.4211;76.988;"2024-01-18 00:00:00";"11:30:00";"Y";"2023-06-02";"2023-10-21"
40;"b47cf4d4-dc12-4bc3-a0fe-4f60add10b0e";28.613939;77.209023;"2024-01-20 00:00:00";"13:15:00";"X";"2023-02-20";"2023-04-15"
41;"3771c1be-fd5c-4398-ae8e-6397149ef6e2";28.4089;76.95;"2024-01-22 00:00:00";"10:10:00";"Z";"2023-10-02";"2024-03-20"
42;"9f569418-755d-41f6-aeb9-bd16a6906943";28.5445;77.373;"2024-01-24 00:00:00";"15:00:00";"Z";"2023-09-01";"2023-10-17"
43;"4b02be81-7acb-456c-b29e-d7273fd054d6";28.7041;77.181;"2024-01-26 00:00:00";"17:30:00";"X";"2023-12-12";"2024-05-16"
44;"3771c1be-fd5c-4398-ae8e-6397149ef6e2";28.4595;77.03;"2024-01-28 00:00:00";"19:00:00";"Z";"2023-10-02";"2024-03-20"
45;"dbfe579e-0d00-4f99-92c2-49ef8e589ca6";28.5356;77.36;"2024-01-30 00:00:00";"12:30:00";"X";"2023-06-10";"2023-11-14"
46;"b2d9d5c6-2be7-47a5-b18e-9bf468797df6";28.6139;77.243;"2024-02-02 00:00:00";"10:00:00";"X";"2023-12-30";"2024-05-26"
47;"e5074f18-858e-4cfb-a96e-8fb000a88a3c";28.4212;77.04;"2024-02-04 00:00:00";"11:00:00";"X";"2023-05-04";"2023-06-09"
48;"2b758837-1fbe-407e-a890-f0937363e456";28.5673;77.4;"2024-02-06 00:00:00";"13:00:00";"X";"2023-05-07";"2023-09-01"
49;"35001a7c-fe19-4c07-9c4c-11fb8c9efbb1";28.7042;77.193;"2024-02-08 00:00:00";"15:10:00";"Y";"2023-06-02";"2023-10-21"
50;"df1c4536-941b-48ad-830d-35c9f025932c";28.4596;77.08;"2024-02-10 00:00:00";"17:00:00";"X";"2023-10-07";"2023-11-07"
51;"b2d9d5c6-2be7-47a5-b18e-9bf468797df6";28.5357;77.39;"2024-02-12 00:00:00";"19:30:00";"X";"2023-12-30";"2024-05-26"
52;"a6a5296c-0755-4b04-ac5f-870b64a3ba65";28.61395;77.215;"2024-02-14 00:00:00";"09:30:00";"Z";"2023-10-23";"2024-03-15"
53;"186729db-aad9-4cad-8d6b-bec5d63b0bbb";28.40895;76.945;"2024-02-16 00:00:00";"11:20:00";"Z";"2023-08-13";"2023-09-12"
54;"5401ce6f-0069-4bfc-bae5-7a496c3e6b42";28.5446;77.38;"2024-02-18 00:00:00";"13:40:00";"X";"2023-07-03";"2023-08-29"
55;"8bdc18d2-1f06-45a8-8432-40bc753b9d1c";28.7043;77.16;"2024-02-20 00:00:00";"15:00:00";"Z";"2023-07-17";"2023-09-12"
56;"b29d90f1-ae15-41ac-9987-8cf210db2456";28.4597;77.05;"2024-02-22 00:00:00";"17:00:00";"Y";"2023-02-02";"2023-03-19"
57;"c273cd50-6ea5-4ca0-ae07-af1bb4bd21a5";28.5358;77.35;"2024-02-24 00:00:00";"19:00:00";"Y";"2023-11-02";"2024-04-08"
58;"03b34e54-18a2-400a-a38f-3c2aa7d3455e";28.61397;77.206;"2024-02-26 00:00:00";"10:30:00";"Y";"2023-06-26";"2023-08-17"
59;"86c4a13b-f17d-46c4-89c6-8a3e3e685360";28.4213;77.06;"2024-02-28 00:00:00";"12:30:00";"Z";"2023-11-16";"2024-01-22"
60;"df1c4536-941b-48ad-830d-35c9f025932c";28.5674;77.41;"2024-03-02 00:00:00";"14:20:00";"X";"2023-10-07";"2023-11-07"
61;"8e8bd9b3-4b76-41df-896c-c3407dd01bc0";28.4721;77.0721;"2024-03-03 00:00:00";"10:30:00";"Z";"2023-11-15";"2024-01-15"
62;"b2fa7f3d-e1ce-4775-946a-13bbb328de8e";28.5512;77.3821;"2024-03-04 00:00:00";"12:30:00";"Y";"2023-12-26";"2024-04-13"
63;"8bdc18d2-1f06-45a8-8432-40bc753b9d1c";28.6895;77.1762;"2024-03-05 00:00:00";"15:00:00";"Z";"2023-07-17";"2023-09-12"
64;"9f569418-755d-41f6-aeb9-bd16a6906943";28.3953;76.9381;"2024-03-06 00:00:00";"17:10:00";"Z";"2023-09-01";"2023-10-17"
65;"2b758837-1fbe-407e-a890-f0937363e456";28.6234;77.1985;"2024-03-07 00:00:00";"11:00:00";"X";"2023-05-07";"2023-09-01"
66;"78f15e9f-4bf8-4287-accd-482968cdc69e";28.5452;77.4012;"2024-03-08 00:00:00";"13:45:00";"Y";"2023-05-06";"2023-09-30"
67;"5401ce6f-0069-4bfc-bae5-7a496c3e6b42";28.4689;77.0602;"2024-03-09 00:00:00";"16:20:00";"X";"2023-07-03";"2023-08-29"
68;"78f15e9f-4bf8-4287-accd-482968cdc69e";28.7021;77.1901;"2024-03-10 00:00:00";"18:30:00";"Y";"2023-05-06";"2023-09-30"
69;"78f15e9f-4bf8-4287-accd-482968cdc69e";28.5582;77.3882;"2024-03-11 00:00:00";"10:40:00";"Y";"2023-05-06";"2023-09-30"
70;"e2b0e15c-2942-4715-b483-3cb6fd0601aa";28.4623;77.0432;"2024-03-12 00:00:00";"12:20:00";"Y";"2023-06-08";"2023-08-07"
71;"31cbb08a-15e7-49a1-ac84-5e9aa8b1a400";28.6391;77.1212;"2024-03-13 00:00:00";"14:30:00";"Z";"2023-10-31";"2023-12-18"
72;"40ed5def-5991-44d0-9a34-9398fdf00fdd";28.5333;77.4091;"2024-03-14 00:00:00";"16:10:00";"Z";"2023-12-30";"2024-05-13"
73;"4ab4a2df-deae-4de8-ab9b-7de93688e113";28.4512;77.0331;"2024-03-15 00:00:00";"17:40:00";"Z";"2023-03-28";"2023-09-01"
74;"31cbb08a-15e7-49a1-ac84-5e9aa8b1a400";28.7122;77.0921;"2024-03-16 00:00:00";"10:15:00";"Z";"2023-10-31";"2023-12-18"
75;"8bdc18d2-1f06-45a8-8432-40bc753b9d1c";28.5499;77.4851;"2024-03-17 00:00:00";"11:30:00";"Z";"2023-07-17";"2023-09-12"
76;"35001a7c-fe19-4c07-9c4c-11fb8c9efbb1";28.4744;77.0581;"2024-03-18 00:00:00";"13:10:00";"Y";"2023-06-02";"2023-10-21"
77;"df1c4536-941b-48ad-830d-35c9f025932c";28.6553;77.2921;"2024-03-19 00:00:00";"15:20:00";"X";"2023-10-07";"2023-11-07"
78;"4b02be81-7acb-456c-b29e-d7273fd054d6";28.5611;77.3921;"2024-03-20 00:00:00";"17:00:00";"X";"2023-12-12";"2024-05-16"
79;"9e1bb8fe-059e-4f63-9899-021567742f22";28.4832;77.0281;"2024-03-21 00:00:00";"10:30:00";"X";"2023-01-03";"2023-03-05"
80;"a6a5296c-0755-4b04-ac5f-870b64a3ba65";28.6421;77.0562;"2024-03-22 00:00:00";"12:40:00";"Z";"2023-10-23";"2024-03-15"
81;"b2d9d5c6-2be7-47a5-b18e-9bf468797df6";28.5732;77.3841;"2024-03-23 00:00:00";"14:30:00";"X";"2023-12-30";"2024-05-26"
82;"c0d40f5a-7a30-450e-b4c5-ae8f72749f09";28.4921;76.9981;"2024-03-24 00:00:00";"16:00:00";"Y";"2023-05-10";"2023-06-17"
83;"86c4a13b-f17d-46c4-89c6-8a3e3e685360";28.6812;77.2712;"2024-03-25 00:00:00";"18:10:00";"Z";"2023-11-16";"2024-01-22"
84;"b2d9d5c6-2be7-47a5-b18e-9bf468797df6";28.5641;77.3825;"2024-03-26 00:00:00";"10:30:00";"X";"2023-12-30";"2024-05-26"
85;"2b758837-1fbe-407e-a890-f0937363e456";28.4681;77.0621;"2024-03-27 00:00:00";"12:40:00";"X";"2023-05-07";"2023-09-01"
86;"b2d9d5c6-2be7-47a5-b18e-9bf468797df6";28.6231;77.0821;"2024-03-28 00:00:00";"14:10:00";"X";"2023-12-30";"2024-05-26"
87;"b2d9d5c6-2be7-47a5-b18e-9bf468797df6";28.5522;77.4015;"2024-03-29 00:00:00";"15:30:00";"X";"2023-12-30";"2024-05-26"
88;"e5074f18-858e-4cfb-a96e-8fb000a88a3c";28.4951;76.9911;"2024-03-30 00:00:00";"17:20:00";"X";"2023-05-04";"2023-06-09"
89;"f10b9db8-fca6-49cc-8f88-4d5a765848a6";28.6712;77.2291;"2024-03-31 00:00:00";"19:00:00";"Y";"2023-05-14";"2023-09-27"
90;"c0d40f5a-7a30-450e-b4c5-ae8f72749f09";28.5612;77.3915;"2024-04-01 00:00:00";"10:00:00";"Y";"2023-05-10";"2023-06-17"
91;"73b5cf80-e6e7-45a3-88a3-51b0057caacc";28.564;77.282;"2024-01-10 00:00:00";"09:15:00";"Y";"2023-05-24";"2023-10-21"
92;"8e8bd9b3-4b76-41df-896c-c3407dd01bc0";28.614;77.209;"2024-01-11 00:00:00";"14:30:00";"Z";"2023-11-15";"2024-01-15"
93;"31cbb08a-15e7-49a1-ac84-5e9aa8b1a400";28.7;77.1;"2024-01-12 00:00:00";"18:45:00";"Z";"2023-10-31";"2023-12-18"
94;"186729db-aad9-4cad-8d6b-bec5d63b0bbb";28.468;77.062;"2024-01-13 00:00:00";"10:00:00";"Z";"2023-08-13";"2023-09-12"
95;"2b758837-1fbe-407e-a890-f0937363e456";28.65;77.23;"2024-01-14 00:00:00";"21:10:00";"X";"2023-05-07";"2023-09-01"
96;"2fffb7b4-ff08-4f74-b243-d58734c36999";28.564;77.282;"2024-01-10 00:00:00";"09:15:00";"Y";"2023-03-19";"2023-05-03"
97;"c273cd50-6ea5-4ca0-ae07-af1bb4bd21a5";28.703;77.1;"2024-02-29 00:00:00";"16:29:00";"Y";"2023-11-02";"2024-04-08"
98;"8e8bd9b3-4b76-41df-896c-c3407dd01bc0";28.704;77.095;"2024-02-04 00:00:00";"18:20:00";"Z";"2023-11-15";"2024-01-15"
99;"b2d9d5c6-2be7-47a5-b18e-9bf468797df6";28.564;77.276;"2024-01-27 00:00:00";"16:41:00";"X";"2023-12-30";"2024-05-26"
100;"f10b9db8-fca6-49cc-8f88-4d5a765848a6";28.564;77.285;"2024-02-05 00:00:00";"11:25:00";"Y";"2023-05-14";"2023-09-27"
101;"a576667f-0c4c-46df-ae3f-80569a9acaf7";28.611;77.201;"2024-01-03 00:00:00";"19:07:00";"X";"2023-07-03";"2023-08-13"
102;"35001a7c-fe19-4c07-9c4c-11fb8c9efbb1";28.627;77.374;"2024-02-14 00:00:00";"10:36:00";"Y";"2023-06-02";"2023-10-21"
103;"8e8bd9b3-4b76-41df-896c-c3407dd01bc0";28.607;77.197;"2024-02-12 00:00:00";"21:26:00";"Z";"2023-11-15";"2024-01-15"
104;"e2b0e15c-2942-4715-b483-3cb6fd0601aa";28.455;77.047;"2024-01-26 00:00:00";"18:30:00";"Y";"2023-06-08";"2023-08-07"
105;"4b02be81-7acb-456c-b29e-d7273fd054d6";28.45;77.049;"2024-02-12 00:00:00";"18:58:00";"X";"2023-12-12";"2024-05-16"
106;"4ab4a2df-deae-4de8-ab9b-7de93688e113";28.632;77.374;"2024-02-28 00:00:00";"12:11:00";"Z";"2023-03-28";"2023-09-01"
107;"5401ce6f-0069-4bfc-bae5-7a496c3e6b42";28.562;77.277;"2024-01-09 00:00:00";"19:31:00";"X";"2023-07-03";"2023-08-29"
108;"9f569418-755d-41f6-aeb9-bd16a6906943";28.7;77.097;"2024-02-25 00:00:00";"09:52:00";"Z";"2023-09-01";"2023-10-17"
109;"8bdc18d2-1f06-45a8-8432-40bc753b9d1c";28.613;77.199;"2024-02-28 00:00:00";"20:06:00";"Z";"2023-07-17";"2023-09-12"
110;"78f15e9f-4bf8-4287-accd-482968cdc69e";28.615;77.201;"2024-01-24 00:00:00";"12:32:00";"Y";"2023-05-06";"2023-09-30"
111;"2b758837-1fbe-407e-a890-f0937363e456";28.563;77.283;"2024-03-01 00:00:00";"13:10:00";"X";"2023-05-07";"2023-09-01"
112;"31cbb08a-15e7-49a1-ac84-5e9aa8b1a400";28.696;77.102;"2024-01-13 00:00:00";"22:03:00";"Z";"2023-10-31";"2023-12-18"
113;"8e8bd9b3-4b76-41df-896c-c3407dd01bc0";28.632;77.371;"2024-02-16 00:00:00";"16:13:00";"Z";"2023-11-15";"2024-01-15"
114;"4b02be81-7acb-456c-b29e-d7273fd054d6";28.63;77.374;"2024-01-16 00:00:00";"11:27:00";"X";"2023-12-12";"2024-05-16"
115;"2b758837-1fbe-407e-a890-f0937363e456";28.453;77.051;"2024-01-04 00:00:00";"16:49:00";"X";"2023-05-07";"2023-09-01"
116;"73b5cf80-e6e7-45a3-88a3-51b0057caacc";28.546;77.385;"2024-01-21 00:00:00";"19:55:00";"Y";"2023-05-24";"2023-10-21"
117;"03b34e54-18a2-400a-a38f-3c2aa7d3455e";28.606;77.204;"2024-02-23 00:00:00";"21:32:00";"Y";"2023-06-26";"2023-08-17"
118;"a6a5296c-0755-4b04-ac5f-870b64a3ba65";28.61;77.199;"2024-02-11 00:00:00";"14:32:00";"Z";"2023-10-23";"2024-03-15"
119;"c273cd50-6ea5-4ca0-ae07-af1bb4bd21a5";28.563;77.276;"2024-02-02 00:00:00";"10:04:00";"Y";"2023-11-02";"2024-04-08"
120;"b29d90f1-ae15-41ac-9987-8cf210db2456";28.554;77.376;"2024-01-17 00:00:00";"22:00:00";"Y";"2023-02-02";"2023-03-19"
121;"7fb660bf-3c8a-4df1-8495-5e54e67a5d23";28.608;77.201;"2024-02-29 00:00:00";"17:55:00";"Z";"2023-08-17";"2024-01-31"
122;"35001a7c-fe19-4c07-9c4c-11fb8c9efbb1";28.455;77.047;"2024-01-27 00:00:00";"14:02:00";"Y";"2023-06-02";"2023-10-21"
123;"2fffb7b4-ff08-4f74-b243-d58734c36999";28.632;77.365;"2024-02-12 00:00:00";"10:08:00";"Y";"2023-03-19";"2023-05-03"
124;"c0d40f5a-7a30-450e-b4c5-ae8f72749f09";28.625;77.367;"2024-02-11 00:00:00";"11:46:00";"Y";"2023-05-10";"2023-06-17"
125;"78f15e9f-4bf8-4287-accd-482968cdc69e";28.552;77.377;"2024-02-09 00:00:00";"18:04:00";"Y";"2023-05-06";"2023-09-30"
126;"d9426272-2b11-4cce-aa0f-57750019cdae";28.451;77.048;"2024-02-23 00:00:00";"20:51:00";"Z";"2023-08-31";"2024-02-02"
127;"e2b0e15c-2942-4715-b483-3cb6fd0601aa";28.631;77.373;"2024-01-07 00:00:00";"13:23:00";"Y";"2023-06-08";"2023-08-07"
128;"9e1bb8fe-059e-4f63-9899-021567742f22";28.555;77.376;"2024-01-11 00:00:00";"12:48:00";"X";"2023-01-03";"2023-03-05"
129;"9f569418-755d-41f6-aeb9-bd16a6906943";28.698;77.104;"2024-02-23 00:00:00";"21:35:00";"Z";"2023-09-01";"2023-10-17"
130;"4ab4a2df-deae-4de8-ab9b-7de93688e113";28.611;77.196;"2024-01-06 00:00:00";"15:07:00";"Z";"2023-03-28";"2023-09-01"
131;"2b758837-1fbe-407e-a890-f0937363e456";28.612;77.196;"2024-01-24 00:00:00";"15:12:00";"X";"2023-05-07";"2023-09-01"
132;"31cbb08a-15e7-49a1-ac84-5e9aa8b1a400";28.614;77.204;"2024-02-14 00:00:00";"15:14:00";"Z";"2023-10-31";"2023-12-18"
133;"2fffb7b4-ff08-4f74-b243-d58734c36999";28.696;77.099;"2024-02-16 00:00:00";"20:58:00";"Y";"2023-03-19";"2023-05-03"
134;"2484f4b9-ff1b-4545-9c66-da5f809c84d5";28.626;77.372;"2024-02-09 00:00:00";"12:56:00";"X";"2023-02-10";"2023-06-16"
135;"73b5cf80-e6e7-45a3-88a3-51b0057caacc";28.449;77.054;"2024-01-01 00:00:00";"18:54:00";"Y";"2023-05-24";"2023-10-21"
136;"b29d90f1-ae15-41ac-9987-8cf210db2456";28.55;77.383;"2024-01-23 00:00:00";"14:19:00";"Y";"2023-02-02";"2023-03-19"
137;"c0d40f5a-7a30-450e-b4c5-ae8f72749f09";28.564;77.283;"2024-02-07 00:00:00";"09:26:00";"Y";"2023-05-10";"2023-06-17"
138;"186729db-aad9-4cad-8d6b-bec5d63b0bbb";28.696;77.104;"2024-02-06 00:00:00";"08:43:00";"Z";"2023-08-13";"2023-09-12"
139;"186729db-aad9-4cad-8d6b-bec5d63b0bbb";28.559;77.277;"2024-02-22 00:00:00";"19:06:00";"Z";"2023-08-13";"2023-09-12"
140;"a576667f-0c4c-46df-ae3f-80569a9acaf7";28.549;77.383;"2024-01-19 00:00:00";"17:34:00";"X";"2023-07-03";"2023-08-13"
141;"dbfe579e-0d00-4f99-92c2-49ef8e589ca6";28.607;77.196;"2024-01-15 00:00:00";"17:59:00";"X";"2023-06-10";"2023-11-14"
142;"31cbb08a-15e7-49a1-ac84-5e9aa8b1a400";28.451;77.051;"2024-01-28 00:00:00";"16:39:00";"Z";"2023-10-31";"2023-12-18"
143;"9e1bb8fe-059e-4f63-9899-021567742f22";28.625;77.373;"2024-01-03 00:00:00";"14:17:00";"X";"2023-01-03";"2023-03-05"
144;"b47cf4d4-dc12-4bc3-a0fe-4f60add10b0e";28.56;77.28;"2024-02-18 00:00:00";"08:29:00";"X";"2023-02-20";"2023-04-15"
145;"73b5cf80-e6e7-45a3-88a3-51b0057caacc";28.555;77.378;"2024-02-03 00:00:00";"22:49:00";"Y";"2023-05-24";"2023-10-21"
146;"b2d9d5c6-2be7-47a5-b18e-9bf468797df6";28.56;77.281;"2024-01-07 00:00:00";"14:07:00";"X";"2023-12-30";"2024-05-26"
147;"d9426272-2b11-4cce-aa0f-57750019cdae";28.561;77.284;"2024-01-21 00:00:00";"22:43:00";"Z";"2023-08-31";"2024-02-02"
148;"b50b3a45-9729-43d6-b452-6c69ac7094de";28.626;77.373;"2024-02-07 00:00:00";"19:29:00";"Z";"2023-01-01";"2023-02-12"
149;"b50b3a45-9729-43d6-b452-6c69ac7094de";28.449;77.046;"2024-01-21 00:00:00";"08:48:00";"Z";"2023-01-01";"2023-02-12"
150;"40ed5def-5991-44d0-9a34-9398fdf00fdd";28.628;77.371;"2024-01-31 00:00:00";"10:11:00";"Z";"2023-12-30";"2024-05-13"
151;"dbfe579e-0d00-4f99-92c2-49ef8e589ca6";28.629;77.375;"2024-02-25 00:00:00";"16:52:00";"X";"2023-06-10";"2023-11-14"
152;"b29d90f1-ae15-41ac-9987-8cf210db2456";28.447;77.048;"2024-02-15 00:00:00";"09:18:00";"Y";"2023-02-02";"2023-03-19"
153;"86c4a13b-f17d-46c4-89c6-8a3e3e685360";28.449;77.052;"2024-01-16 00:00:00";"11:12:00";"Z";"2023-11-16";"2024-01-22"
154;"b29d90f1-ae15-41ac-9987-8cf210db2456";28.699;77.097;"2024-01-04 00:00:00";"09:33:00";"Y";"2023-02-02";"2023-03-19"
155;"b2fa7f3d-e1ce-4775-946a-13bbb328de8e";28.448;77.048;"2024-02-12 00:00:00";"15:26:00";"Y";"2023-12-26";"2024-04-13"
156;"03b34e54-18a2-400a-a38f-3c2aa7d3455e";28.627;77.366;"2024-02-27 00:00:00";"09:14:00";"Y";"2023-06-26";"2023-08-17"
157;"b2fa7f3d-e1ce-4775-946a-13bbb328de8e";28.447;77.048;"2024-01-23 00:00:00";"08:42:00";"Y";"2023-12-26";"2024-04-13"
158;"40ed5def-5991-44d0-9a34-9398fdf00fdd";28.63;77.371;"2024-01-28 00:00:00";"19:18:00";"Z";"2023-12-30";"2024-05-13"
159;"3771c1be-fd5c-4398-ae8e-6397149ef6e2";28.455;77.046;"2024-01-29 00:00:00";"15:19:00";"Z";"2023-10-02";"2024-03-20"
160;"b29d90f1-ae15-41ac-9987-8cf210db2456";28.703;77.099;"2024-01-10 00:00:00";"10:56:00";"Y";"2023-02-02";"2023-03-19"
161;"03b34e54-18a2-400a-a38f-3c2aa7d3455e";28.631;77.367;"2024-02-26 00:00:00";"22:10:00";"Y";"2023-06-26";"2023-08-17"
162;"b50b3a45-9729-43d6-b452-6c69ac7094de";28.563;77.282;"2024-01-17 00:00:00";"11:55:00";"Z";"2023-01-01";"2023-02-12"
163;"dbfe579e-0d00-4f99-92c2-49ef8e589ca6";28.632;77.37;"2024-01-15 00:00:00";"14:08:00";"X";"2023-06-10";"2023-11-14"
164;"8e8bd9b3-4b76-41df-896c-c3407dd01bc0";28.63;77.365;"2024-01-15 00:00:00";"08:02:00";"Z";"2023-11-15";"2024-01-15"
165;"186729db-aad9-4cad-8d6b-bec5d63b0bbb";28.704;77.098;"2024-02-04 00:00:00";"14:00:00";"Z";"2023-08-13";"2023-09-12"
166;"2484f4b9-ff1b-4545-9c66-da5f809c84d5";28.704;77.096;"2024-02-11 00:00:00";"12:31:00";"X";"2023-02-10";"2023-06-16"
167;"b2fa7f3d-e1ce-4775-946a-13bbb328de8e";28.629;77.367;"2024-02-13 00:00:00";"17:23:00";"Y";"2023-12-26";"2024-04-13"
168;"c273cd50-6ea5-4ca0-ae07-af1bb4bd21a5";28.556;77.275;"2024-01-08 00:00:00";"20:36:00";"Y";"2023-11-02";"2024-04-08"
169;"df1c4536-941b-48ad-830d-35c9f025932c";28.629;77.37;"2024-01-02 00:00:00";"18:45:00";"X";"2023-10-07";"2023-11-07"
170;"186729db-aad9-4cad-8d6b-bec5d63b0bbb";28.453;77.05;"2024-01-06 00:00:00";"12:59:00";"Z";"2023-08-13";"2023-09-12"
171;"c0d40f5a-7a30-450e-b4c5-ae8f72749f09";28.56;77.279;"2024-01-22 00:00:00";"18:22:00";"Y";"2023-05-10";"2023-06-17"
172;"40ed5def-5991-44d0-9a34-9398fdf00fdd";28.449;77.049;"2024-02-16 00:00:00";"12:39:00";"Z";"2023-12-30";"2024-05-13"
173;"d9426272-2b11-4cce-aa0f-57750019cdae";28.698;77.098;"2024-02-11 00:00:00";"19:48:00";"Z";"2023-08-31";"2024-02-02"
174;"b2fa7f3d-e1ce-4775-946a-13bbb328de8e";28.446;77.048;"2024-02-15 00:00:00";"10:26:00";"Y";"2023-12-26";"2024-04-13"
175;"a6a5296c-0755-4b04-ac5f-870b64a3ba65";28.607;77.2;"2024-01-17 00:00:00";"16:30:00";"Z";"2023-10-23";"2024-03-15"
176;"c273cd50-6ea5-4ca0-ae07-af1bb4bd21a5";28.548;77.381;"2024-01-07 00:00:00";"09:27:00";"Y";"2023-11-02";"2024-04-08"
177;"35001a7c-fe19-4c07-9c4c-11fb8c9efbb1";28.611;77.195;"2024-02-01 00:00:00";"08:48:00";"Y";"2023-06-02";"2023-10-21"
178;"df1c4536-941b-48ad-830d-35c9f025932c";28.562;77.282;"2024-02-12 00:00:00";"18:58:00";"X";"2023-10-07";"2023-11-07"
179;"9e1bb8fe-059e-4f63-9899-021567742f22";28.704;77.101;"2024-02-05 00:00:00";"14:13:00";"X";"2023-01-03";"2023-03-05"
180;"df1c4536-941b-48ad-830d-35c9f025932c";28.553;77.383;"2024-01-13 00:00:00";"20:22:00";"X";"2023-10-07";"2023-11-07"
181;"c0d40f5a-7a30-450e-b4c5-ae8f72749f09";28.633;77.367;"2024-02-18 00:00:00";"09:45:00";"Y";"2023-05-10";"2023-06-17"
182;"3771c1be-fd5c-4398-ae8e-6397149ef6e2";28.632;77.373;"2024-01-21 00:00:00";"13:57:00";"Z";"2023-10-02";"2024-03-20"
183;"78f15e9f-4bf8-4287-accd-482968cdc69e";28.558;77.276;"2024-01-29 00:00:00";"21:42:00";"Y";"2023-05-06";"2023-09-30"
184;"b29d90f1-ae15-41ac-9987-8cf210db2456";28.699;77.096;"2024-02-13 00:00:00";"13:43:00";"Y";"2023-02-02";"2023-03-19"
185;"3771c1be-fd5c-4398-ae8e-6397149ef6e2";28.553;77.378;"2024-02-13 00:00:00";"09:56:00";"Z";"2023-10-02";"2024-03-20"
186;"a6a5296c-0755-4b04-ac5f-870b64a3ba65";28.549;77.381;"2024-01-09 00:00:00";"08:12:00";"Z";"2023-10-23";"2024-03-15"
187;"31cbb08a-15e7-49a1-ac84-5e9aa8b1a400";28.631;77.374;"2024-01-24 00:00:00";"13:49:00";"Z";"2023-10-31";"2023-12-18"
188;"a576667f-0c4c-46df-ae3f-80569a9acaf7";28.632;77.366;"2024-02-08 00:00:00";"15:54:00";"X";"2023-07-03";"2023-08-13"
189;"d9426272-2b11-4cce-aa0f-57750019cdae";28.448;77.054;"2024-01-09 00:00:00";"19:05:00";"Z";"2023-08-31";"2024-02-02"
190;"78f15e9f-4bf8-4287-accd-482968cdc69e";28.698;77.099;"2024-01-03 00:00:00";"19:12:00";"Y";"2023-05-06";"2023-09-30"
191;"73b5cf80-e6e7-45a3-88a3-51b0057caacc";28.634;77.367;"2024-02-26 00:00:00";"16:44:00";"Y";"2023-05-24";"2023-10-21"
192;"2b758837-1fbe-407e-a890-f0937363e456";28.561;77.278;"2024-01-15 00:00:00";"12:45:00";"X";"2023-05-07";"2023-09-01"
193;"8bdc18d2-1f06-45a8-8432-40bc753b9d1c";28.552;77.379;"2024-01-24 00:00:00";"18:52:00";"Z";"2023-07-17";"2023-09-12"
194;"b50b3a45-9729-43d6-b452-6c69ac7094de";28.545;77.377;"2024-02-01 00:00:00";"08:10:00";"Z";"2023-01-01";"2023-02-12"
195;"2484f4b9-ff1b-4545-9c66-da5f809c84d5";28.608;77.2;"2024-03-01 00:00:00";"11:55:00";"X";"2023-02-10";"2023-06-16"
196;"3771c1be-fd5c-4398-ae8e-6397149ef6e2";28.61;77.201;"2024-02-12 00:00:00";"19:36:00";"Z";"2023-10-02";"2024-03-20"
197;"8e8bd9b3-4b76-41df-896c-c3407dd01bc0";28.552;77.38;"2024-02-15 00:00:00";"20:24:00";"Z";"2023-11-15";"2024-01-15"
198;"c0d40f5a-7a30-450e-b4c5-ae8f72749f09";28.451;77.054;"2024-01-03 00:00:00";"21:36:00";"Y";"2023-05-10";"2023-06-17"
199;"b2d9d5c6-2be7-47a5-b18e-9bf468797df6";28.629;77.375;"2024-01-26 00:00:00";"21:52:00";"X";"2023-12-30";"2024-05-26"
200;"f10b9db8-fca6-49cc-8f88-4d5a765848a6";28.548;77.378;"2024-02-11 00:00:00";"21:42:00";"Y";"2023-05-14";"2023-09-27"
201;"e2b0e15c-2942-4715-b483-3cb6fd0601aa";28.63;77.373;"2024-02-27 00:00:00";"11:42:00";"Y";"2023-06-08";"2023-08-07"
202;"2484f4b9-ff1b-4545-9c66-da5f809c84d5";28.553;77.382;"2024-02-20 00:00:00";"09:59:00";"X";"2023-02-10";"2023-06-16"
203;"73b5cf80-e6e7-45a3-88a3-51b0057caacc";28.695;77.104;"2024-01-31 00:00:00";"14:43:00";"Y";"2023-05-24";"2023-10-21"
204;"e5074f18-858e-4cfb-a96e-8fb000a88a3c";28.613;77.2;"2024-01-29 00:00:00";"19:47:00";"X";"2023-05-04";"2023-06-09"
205;"d9426272-2b11-4cce-aa0f-57750019cdae";28.698;77.104;"2024-02-19 00:00:00";"16:07:00";"Z";"2023-08-31";"2024-02-02"
206;"b29d90f1-ae15-41ac-9987-8cf210db2456";28.449;77.05;"2024-02-24 00:00:00";"12:44:00";"Y";"2023-02-02";"2023-03-19"
207;"2b758837-1fbe-407e-a890-f0937363e456";28.697;77.103;"2024-02-05 00:00:00";"13:18:00";"X";"2023-05-07";"2023-09-01"
208;"9e1bb8fe-059e-4f63-9899-021567742f22";28.449;77.046;"2024-01-21 00:00:00";"22:45:00";"X";"2023-01-03";"2023-03-05"
209;"31cbb08a-15e7-49a1-ac84-5e9aa8b1a400";28.612;77.204;"2024-02-29 00:00:00";"15:09:00";"Z";"2023-10-31";"2023-12-18"
210;"d9426272-2b11-4cce-aa0f-57750019cdae";28.553;77.38;"2024-01-07 00:00:00";"10:29:00";"Z";"2023-08-31";"2024-02-02"
211;"03b34e54-18a2-400a-a38f-3c2aa7d3455e";28.701;77.097;"2024-01-05 00:00:00";"15:15:00";"Y";"2023-06-26";"2023-08-17"
212;"2fffb7b4-ff08-4f74-b243-d58734c36999";28.633;77.375;"2024-01-03 00:00:00";"19:20:00";"Y";"2023-03-19";"2023-05-03"
213;"b47cf4d4-dc12-4bc3-a0fe-4f60add10b0e";28.697;77.096;"2024-02-26 00:00:00";"20:30:00";"X";"2023-02-20";"2023-04-15"
214;"8bdc18d2-1f06-45a8-8432-40bc753b9d1c";28.549;77.377;"2024-01-17 00:00:00";"21:43:00";"Z";"2023-07-17";"2023-09-12"
215;"31cbb08a-15e7-49a1-ac84-5e9aa8b1a400";28.705;77.096;"2024-01-20 00:00:00";"09:48:00";"Z";"2023-10-31";"2023-12-18"
216;"b2d9d5c6-2be7-47a5-b18e-9bf468797df6";28.696;77.104;"2024-02-25 00:00:00";"10:04:00";"X";"2023-12-30";"2024-05-26"
217;"35001a7c-fe19-4c07-9c4c-11fb8c9efbb1";28.61;77.204;"2024-01-03 00:00:00";"10:21:00";"Y";"2023-06-02";"2023-10-21"
218;"b2d9d5c6-2be7-47a5-b18e-9bf468797df6";28.628;77.37;"2024-01-06 00:00:00";"20:44:00";"X";"2023-12-30";"2024-05-26"
219;"2484f4b9-ff1b-4545-9c66-da5f809c84d5";28.705;77.1;"2024-01-21 00:00:00";"14:28:00";"X";"2023-02-10";"2023-06-16"
220;"7fb660bf-3c8a-4df1-8495-5e54e67a5d23";28.697;77.096;"2024-01-23 00:00:00";"21:16:00";"Z";"2023-08-17";"2024-01-31"
221;"c273cd50-6ea5-4ca0-ae07-af1bb4bd21a5";28.558;77.279;"2024-02-21 00:00:00";"20:45:00";"Y";"2023-11-02";"2024-04-08"
222;"4ab4a2df-deae-4de8-ab9b-7de93688e113";28.634;77.37;"2024-02-01 00:00:00";"11:23:00";"Z";"2023-03-28";"2023-09-01"
223;"4ab4a2df-deae-4de8-ab9b-7de93688e113";28.628;77.367;"2024-01-30 00:00:00";"12:32:00";"Z";"2023-03-28";"2023-09-01"
224;"f10b9db8-fca6-49cc-8f88-4d5a765848a6";28.555;77.282;"2024-02-18 00:00:00";"08:11:00";"Y";"2023-05-14";"2023-09-27"
225;"03b34e54-18a2-400a-a38f-3c2aa7d3455e";28.56;77.283;"2024-02-29 00:00:00";"14:02:00";"Y";"2023-06-26";"2023-08-17"
226;"c273cd50-6ea5-4ca0-ae07-af1bb4bd21a5";28.449;77.048;"2024-02-28 00:00:00";"22:15:00";"Y";"2023-11-02";"2024-04-08"
227;"b29d90f1-ae15-41ac-9987-8cf210db2456";28.565;77.28;"2024-01-08 00:00:00";"09:42:00";"Y";"2023-02-02";"2023-03-19"
228;"40ed5def-5991-44d0-9a34-9398fdf00fdd";28.445;77.053;"2024-01-01 00:00:00";"18:54:00";"Z";"2023-12-30";"2024-05-13"
229;"c0d40f5a-7a30-450e-b4c5-ae8f72749f09";28.628;77.369;"2024-01-27 00:00:00";"16:25:00";"Y";"2023-05-10";"2023-06-17"
230;"df1c4536-941b-48ad-830d-35c9f025932c";28.611;77.203;"2024-02-26 00:00:00";"09:53:00";"X";"2023-10-07";"2023-11-07"
231;"9e1bb8fe-059e-4f63-9899-021567742f22";28.446;77.052;"2024-02-05 00:00:00";"13:23:00";"X";"2023-01-03";"2023-03-05"
232;"186729db-aad9-4cad-8d6b-bec5d63b0bbb";28.455;77.047;"2024-02-14 00:00:00";"11:08:00";"Z";"2023-08-13";"2023-09-12"
233;"c0d40f5a-7a30-450e-b4c5-ae8f72749f09";28.564;77.281;"2024-01-03 00:00:00";"10:00:00";"Y";"2023-05-10";"2023-06-17"
234;"8bdc18d2-1f06-45a8-8432-40bc753b9d1c";28.549;77.377;"2024-02-06 00:00:00";"19:58:00";"Z";"2023-07-17";"2023-09-12"
235;"78f15e9f-4bf8-4287-accd-482968cdc69e";28.705;77.105;"2024-03-01 00:00:00";"22:50:00";"Y";"2023-05-06";"2023-09-30"
236;"2fffb7b4-ff08-4f74-b243-d58734c36999";28.557;77.282;"2024-02-28 00:00:00";"21:18:00";"Y";"2023-03-19";"2023-05-03"
237;"e2b0e15c-2942-4715-b483-3cb6fd0601aa";28.609;77.201;"2024-01-06 00:00:00";"16:48:00";"Y";"2023-06-08";"2023-08-07"
238;"31cbb08a-15e7-49a1-ac84-5e9aa8b1a400";28.447;77.047;"2024-01-29 00:00:00";"18:26:00";"Z";"2023-10-31";"2023-12-18"
239;"4b02be81-7acb-456c-b29e-d7273fd054d6";28.63;77.374;"2024-02-18 00:00:00";"15:14:00";"X";"2023-12-12";"2024-05-16"
240;"8e8bd9b3-4b76-41df-896c-c3407dd01bc0";28.553;77.38;"2024-01-16 00:00:00";"20:02:00";"Z";"2023-11-15";"2024-01-15"
241;"5401ce6f-0069-4bfc-bae5-7a496c3e6b42";28.701;77.102;"2024-02-15 00:00:00";"18:54:00";"X";"2023-07-03";"2023-08-29"
242;"c0d40f5a-7a30-450e-b4c5-ae8f72749f09";28.696;77.105;"2024-01-04 00:00:00";"13:50:00";"Y";"2023-05-10";"2023-06-17"
243;"2fffb7b4-ff08-4f74-b243-d58734c36999";28.448;77.047;"2024-02-17 00:00:00";"21:57:00";"Y";"2023-03-19";"2023-05-03"
244;"e2b0e15c-2942-4715-b483-3cb6fd0601aa";28.551;77.381;"2024-01-11 00:00:00";"10:27:00";"Y";"2023-06-08";"2023-08-07"
245;"78f15e9f-4bf8-4287-accd-482968cdc69e";28.61;77.204;"2024-02-23 00:00:00";"18:50:00";"Y";"2023-05-06";"2023-09-30"
246;"35001a7c-fe19-4c07-9c4c-11fb8c9efbb1";28.698;77.104;"2024-02-23 00:00:00";"20:02:00";"Y";"2023-06-02";"2023-10-21"
247;"86c4a13b-f17d-46c4-89c6-8a3e3e685360";28.606;77.201;"2024-01-03 00:00:00";"15:25:00";"Z";"2023-11-16";"2024-01-22"
248;"b29d90f1-ae15-41ac-9987-8cf210db2456";28.547;77.376;"2024-02-18 00:00:00";"15:28:00";"Y";"2023-02-02";"2023-03-19"
249;"3771c1be-fd5c-4398-ae8e-6397149ef6e2";28.565;77.283;"2024-02-05 00:00:00";"20:18:00";"Z";"2023-10-02";"2024-03-20"
250;"c273cd50-6ea5-4ca0-ae07-af1bb4bd21a5";28.559;77.282;"2024-02-29 00:00:00";"12:37:00";"Y";"2023-11-02";"2024-04-08"
251;"b2fa7f3d-e1ce-4775-946a-13bbb328de8e";28.625;77.367;"2024-01-30 00:00:00";"11:34:00";"Y";"2023-12-26";"2024-04-13"
252;"dbfe579e-0d00-4f99-92c2-49ef8e589ca6";28.609;77.196;"2024-02-01 00:00:00";"11:10:00";"X";"2023-06-10";"2023-11-14"
253;"d9426272-2b11-4cce-aa0f-57750019cdae";28.613;77.199;"2024-01-29 00:00:00";"18:50:00";"Z";"2023-08-31";"2024-02-02"
254;"a576667f-0c4c-46df-ae3f-80569a9acaf7";28.446;77.048;"2024-01-29 00:00:00";"21:36:00";"X";"2023-07-03";"2023-08-13"
255;"a576667f-0c4c-46df-ae3f-80569a9acaf7";28.449;77.054;"2024-02-26 00:00:00";"17:04:00";"X";"2023-07-03";"2023-08-13"
256;"4b02be81-7acb-456c-b29e-d7273fd054d6";28.454;77.046;"2024-01-31 00:00:00";"18:11:00";"X";"2023-12-12";"2024-05-16"
257;"8e8bd9b3-4b76-41df-896c-c3407dd01bc0";28.704;77.096;"2024-01-28 00:00:00";"09:35:00";"Z";"2023-11-15";"2024-01-15"
258;"4ab4a2df-deae-4de8-ab9b-7de93688e113";28.564;77.279;"2024-02-21 00:00:00";"14:43:00";"Z";"2023-03-28";"2023-09-01"
259;"dbfe579e-0d00-4f99-92c2-49ef8e589ca6";28.56;77.284;"2024-02-08 00:00:00";"13:24:00";"X";"2023-06-10";"2023-11-14"
260;"78f15e9f-4bf8-4287-accd-482968cdc69e";28.449;77.049;"2024-01-18 00:00:00";"13:53:00";"Y";"2023-05-06";"2023-09-30"
261;"5401ce6f-0069-4bfc-bae5-7a496c3e6b42";28.559;77.281;"2024-01-06 00:00:00";"19:24:00";"X";"2023-07-03";"2023-08-29"
262;"86c4a13b-f17d-46c4-89c6-8a3e3e685360";28.55;77.377;"2024-01-18 00:00:00";"09:30:00";"Z";"2023-11-16";"2024-01-22"
263;"8bdc18d2-1f06-45a8-8432-40bc753b9d1c";28.703;77.099;"2024-01-29 00:00:00";"22:12:00";"Z";"2023-07-17";"2023-09-12"
264;"a576667f-0c4c-46df-ae3f-80569a9acaf7";28.699;77.103;"2024-02-17 00:00:00";"11:52:00";"X";"2023-07-03";"2023-08-13"
265;"b2fa7f3d-e1ce-4775-946a-13bbb328de8e";28.551;77.383;"2024-01-09 00:00:00";"08:42:00";"Y";"2023-12-26";"2024-04-13"
266;"35001a7c-fe19-4c07-9c4c-11fb8c9efbb1";28.614;77.201;"2024-01-03 00:00:00";"19:36:00";"Y";"2023-06-02";"2023-10-21"
267;"86c4a13b-f17d-46c4-89c6-8a3e3e685360";28.627;77.368;"2024-02-18 00:00:00";"10:39:00";"Z";"2023-11-16";"2024-01-22"
268;"2fffb7b4-ff08-4f74-b243-d58734c36999";28.609;77.197;"2024-02-14 00:00:00";"16:07:00";"Y";"2023-03-19";"2023-05-03"
269;"5401ce6f-0069-4bfc-bae5-7a496c3e6b42";28.704;77.102;"2024-01-10 00:00:00";"22:58:00";"X";"2023-07-03";"2023-08-29"
270;"2484f4b9-ff1b-4545-9c66-da5f809c84d5";28.614;77.198;"2024-02-27 00:00:00";"18:08:00";"X";"2023-02-10";"2023-06-16"
271;"4ab4a2df-deae-4de8-ab9b-7de93688e113";28.629;77.371;"2024-01-09 00:00:00";"10:21:00";"Z";"2023-03-28";"2023-09-01"
272;"9f569418-755d-41f6-aeb9-bd16a6906943";28.625;77.369;"2024-01-26 00:00:00";"14:17:00";"Z";"2023-09-01";"2023-10-17"
273;"5401ce6f-0069-4bfc-bae5-7a496c3e6b42";28.452;77.05;"2024-01-02 00:00:00";"13:56:00";"X";"2023-07-03";"2023-08-29"
274;"03b34e54-18a2-400a-a38f-3c2aa7d3455e";28.552;77.376;"2024-02-26 00:00:00";"14:54:00";"Y";"2023-06-26";"2023-08-17"
275;"40ed5def-5991-44d0-9a34-9398fdf00fdd";28.557;77.277;"2024-02-10 00:00:00";"14:51:00";"Z";"2023-12-30";"2024-05-13"
276;"7fb660bf-3c8a-4df1-8495-5e54e67a5d23";28.608;77.202;"2024-02-16 00:00:00";"19:26:00";"Z";"2023-08-17";"2024-01-31"
277;"b29d90f1-ae15-41ac-9987-8cf210db2456";28.551;77.383;"2024-02-28 00:00:00";"21:51:00";"Y";"2023-02-02";"2023-03-19"
278;"86c4a13b-f17d-46c4-89c6-8a3e3e685360";28.606;77.201;"2024-01-28 00:00:00";"09:04:00";"Z";"2023-11-16";"2024-01-22"
279;"35001a7c-fe19-4c07-9c4c-11fb8c9efbb1";28.564;77.28;"2024-03-01 00:00:00";"14:46:00";"Y";"2023-06-02";"2023-10-21"
280;"186729db-aad9-4cad-8d6b-bec5d63b0bbb";28.45;77.052;"2024-01-18 00:00:00";"10:40:00";"Z";"2023-08-13";"2023-09-12"
281;"c273cd50-6ea5-4ca0-ae07-af1bb4bd21a5";28.547;77.385;"2024-02-17 00:00:00";"16:12:00";"Y";"2023-11-02";"2024-04-08"
282;"b47cf4d4-dc12-4bc3-a0fe-4f60add10b0e";28.703;77.097;"2024-01-12 00:00:00";"16:58:00";"X";"2023-02-20";"2023-04-15"
283;"2484f4b9-ff1b-4545-9c66-da5f809c84d5";28.626;77.367;"2024-01-30 00:00:00";"10:58:00";"X";"2023-02-10";"2023-06-16"
284;"f10b9db8-fca6-49cc-8f88-4d5a765848a6";28.554;77.381;"2024-01-02 00:00:00";"22:39:00";"Y";"2023-05-14";"2023-09-27"
285;"b29d90f1-ae15-41ac-9987-8cf210db2456";28.702;77.099;"2024-01-12 00:00:00";"14:57:00";"Y";"2023-02-02";"2023-03-19"
286;"9f569418-755d-41f6-aeb9-bd16a6906943";28.448;77.045;"2024-02-15 00:00:00";"10:03:00";"Z";"2023-09-01";"2023-10-17"
287;"35001a7c-fe19-4c07-9c4c-11fb8c9efbb1";28.625;77.372;"2024-01-20 00:00:00";"10:37:00";"Y";"2023-06-02";"2023-10-21"
288;"2fffb7b4-ff08-4f74-b243-d58734c36999";28.452;77.046;"2024-02-23 00:00:00";"13:33:00";"Y";"2023-03-19";"2023-05-03"
289;"2fffb7b4-ff08-4f74-b243-d58734c36999";28.455;77.053;"2024-01-06 00:00:00";"18:27:00";"Y";"2023-03-19";"2023-05-03"
290;"78f15e9f-4bf8-4287-accd-482968cdc69e";28.455;77.046;"2024-02-25 00:00:00";"15:21:00";"Y";"2023-05-06";"2023-09-30"
291;"a576667f-0c4c-46df-ae3f-80569a9acaf7";28.447;77.049;"2024-02-18 00:00:00";"18:09:00";"X";"2023-07-03";"2023-08-13"
292;"c273cd50-6ea5-4ca0-ae07-af1bb4bd21a5";28.634;77.365;"2024-01-29 00:00:00";"16:49:00";"Y";"2023-11-02";"2024-04-08"
293;"5401ce6f-0069-4bfc-bae5-7a496c3e6b42";28.554;77.377;"2024-01-03 00:00:00";"16:37:00";"X";"2023-07-03";"2023-08-29"
294;"c273cd50-6ea5-4ca0-ae07-af1bb4bd21a5";28.63;77.371;"2024-02-15 00:00:00";"17:35:00";"Y";"2023-11-02";"2024-04-08"
295;"c273cd50-6ea5-4ca0-ae07-af1bb4bd21a5";28.447;77.055;"2024-02-01 00:00:00";"11:25:00";"Y";"2023-11-02";"2024-04-08"
296;"f10b9db8-fca6-49cc-8f88-4d5a765848a6";28.561;77.277;"2024-01-19 00:00:00";"12:53:00";"Y";"2023-05-14";"2023-09-27"
297;"31cbb08a-15e7-49a1-ac84-5e9aa8b1a400";28.61;77.202;"2024-02-27 00:00:00";"08:55:00";"Z";"2023-10-31";"2023-12-18"
298;"e2b0e15c-2942-4715-b483-3cb6fd0601aa";28.445;77.048;"2024-02-04 00:00:00";"14:39:00";"Y";"2023-06-08";"2023-08-07"
299;"9e1bb8fe-059e-4f63-9899-021567742f22";28.447;77.054;"2024-02-06 00:00:00";"16:50:00";"X";"2023-01-03";"2023-03-05"
300;"9f569418-755d-41f6-aeb9-bd16a6906943";28.554;77.376;"2024-02-17 00:00:00";"16:08:00";"Z";"2023-09-01";"2023-10-17"
301;"2648e8b2-b9c6-45ef-80ee-a36a69f68229";28.552;77.375;"2024-02-17 00:00:00";"15:15:00";"Z";"2023-04-16";"2023-08-26"
302;"d0ed5e1c-90d7-4aea-a91c-be61a663fd3d";28.632;77.374;"2024-01-22 00:00:00";"09:58:00";"X";"2023-06-02";"2023-10-03"
303;"df1c4536-941b-48ad-830d-35c9f025932c";28.699;77.105;"2024-02-07 00:00:00";"13:38:00";"X";"2023-10-07";"2023-11-07"
304;"081b0340-d4d9-46cb-9e1c-eda27b84c43b";28.561;77.281;"2024-02-16 00:00:00";"10:49:00";"Z";"2023-07-13";"2023-10-20"
305;"00ce395d-ed6f-4bdd-98b1-e7e4a5c77d31";28.447;77.051;"2024-01-20 00:00:00";"14:16:00";"Z";"2023-07-19";"2023-11-10"
306;"d0ed5e1c-90d7-4aea-a91c-be61a663fd3d";28.696;77.098;"2024-02-24 00:00:00";"09:18:00";"X";"2023-06-02";"2023-10-03"
307;"081b0340-d4d9-46cb-9e1c-eda27b84c43b";28.447;77.05;"2024-02-11 00:00:00";"21:45:00";"Z";"2023-07-13";"2023-10-20"
308;"6f0c796b-f7db-47cc-a6cc-410a9c476766";28.564;77.284;"2024-02-21 00:00:00";"22:47:00";"Y";"2023-04-05";"2023-05-14"
309;"7f91a319-dafe-477e-8e49-5cbdf7a60173";28.447;77.048;"2024-01-18 00:00:00";"15:42:00";"Z";"2023-05-18";"2023-10-20"
310;"d130d734-6e2b-4ce7-8970-8653376e0abb";28.633;77.374;"2024-02-13 00:00:00";"14:22:00";"Y";"2023-01-20";"2023-06-22"
311;"41fe363e-3ab4-4c1b-b0f0-f76db2937116";28.557;77.281;"2024-02-13 00:00:00";"10:19:00";"Z";"2023-06-17";"2023-08-03"
312;"090eea44-510f-4b6e-aca8-c4689b90ac26";28.561;77.28;"2024-02-15 00:00:00";"13:41:00";"Z";"2023-06-19";"2023-12-15"
313;"6f0c796b-f7db-47cc-a6cc-410a9c476766";28.702;77.099;"2024-02-05 00:00:00";"21:33:00";"Y";"2023-04-05";"2023-05-14"
314;"d0ed5e1c-90d7-4aea-a91c-be61a663fd3d";28.561;77.281;"2024-01-01 00:00:00";"14:43:00";"X";"2023-06-02";"2023-10-03"
315;"c2cdeb55-a67b-424e-9745-2f73ecedf6c3";28.562;77.283;"2024-01-19 00:00:00";"14:29:00";"X";"2023-02-05";"2023-06-10"
316;"7caade52-b2f5-40e5-be42-66f46e2d070a";28.632;77.369;"2024-01-08 00:00:00";"17:25:00";"X";"2023-10-26";"2024-04-15"
317;"7f91a319-dafe-477e-8e49-5cbdf7a60173";28.451;77.047;"2024-02-23 00:00:00";"15:38:00";"Z";"2023-05-18";"2023-10-20"
318;"00ce395d-ed6f-4bdd-98b1-e7e4a5c77d31";28.546;77.377;"2024-02-10 00:00:00";"20:56:00";"Z";"2023-07-19";"2023-11-10"
319;"081b0340-d4d9-46cb-9e1c-eda27b84c43b";28.449;77.054;"2024-02-14 00:00:00";"18:13:00";"Z";"2023-07-13";"2023-10-20"
320;"00ce395d-ed6f-4bdd-98b1-e7e4a5c77d31";28.556;77.28;"2024-01-24 00:00:00";"20:14:00";"Z";"2023-07-19";"2023-11-10"
321;"e5074f18-858e-4cfb-a96e-8fb000a88a3c";28.7;77.097;"2024-02-15 00:00:00";"09:09:00";"X";"2023-05-04";"2023-06-09"
322;"3771c1be-fd5c-4398-ae8e-6397149ef6e2";28.615;77.198;"2024-02-17 00:00:00";"22:43:00";"Z";"2023-10-02";"2024-03-20"
323;"9e1bb8fe-059e-4f63-9899-021567742f22";28.551;77.383;"2024-01-20 00:00:00";"09:38:00";"X";"2023-01-03";"2023-03-05"
324;"b50b3a45-9729-43d6-b452-6c69ac7094de";28.45;77.047;"2024-02-04 00:00:00";"12:37:00";"Z";"2023-01-01";"2023-02-12"
325;"7f91a319-dafe-477e-8e49-5cbdf7a60173";28.704;77.095;"2024-02-18 00:00:00";"09:52:00";"Z";"2023-05-18";"2023-10-20"
326;"9aeff1b1-f84e-4693-ad1f-307d978d8265";28.628;77.371;"2024-02-15 00:00:00";"17:51:00";"Z";"2023-03-07";"2023-06-09"
327;"9e1bb8fe-059e-4f63-9899-021567742f22";28.453;77.048;"2024-02-28 00:00:00";"09:17:00";"X";"2023-01-03";"2023-03-05"
328;"c2cdeb55-a67b-424e-9745-2f73ecedf6c3";28.626;77.367;"2024-02-12 00:00:00";"16:40:00";"X";"2023-02-05";"2023-06-10"
329;"090eea44-510f-4b6e-aca8-c4689b90ac26";28.606;77.2;"2024-01-31 00:00:00";"09:24:00";"Z";"2023-06-19";"2023-12-15"
330;"a6a5296c-0755-4b04-ac5f-870b64a3ba65";28.546;77.375;"2024-02-16 00:00:00";"21:46:00";"Z";"2023-10-23";"2024-03-15"
331;"c2cdeb55-a67b-424e-9745-2f73ecedf6c3";28.699;77.101;"2024-02-12 00:00:00";"11:33:00";"X";"2023-02-05";"2023-06-10"
332;"7caade52-b2f5-40e5-be42-66f46e2d070a";28.561;77.28;"2024-01-04 00:00:00";"09:46:00";"X";"2023-10-26";"2024-04-15"
333;"c2cdeb55-a67b-424e-9745-2f73ecedf6c3";28.449;77.049;"2024-02-12 00:00:00";"22:03:00";"X";"2023-02-05";"2023-06-10"
334;"6f0c796b-f7db-47cc-a6cc-410a9c476766";28.613;77.2;"2024-02-21 00:00:00";"17:45:00";"Y";"2023-04-05";"2023-05-14"
335;"c2cdeb55-a67b-424e-9745-2f73ecedf6c3";28.56;77.275;"2024-01-29 00:00:00";"20:13:00";"X";"2023-02-05";"2023-06-10"
336;"081b0340-d4d9-46cb-9e1c-eda27b84c43b";28.611;77.202;"2024-01-25 00:00:00";"09:28:00";"Z";"2023-07-13";"2023-10-20"
337;"ed1dd1f8-b8b3-4d0f-98c5-06023c010ec9";28.632;77.374;"2024-02-19 00:00:00";"12:43:00";"Y";"2023-07-15";"2023-11-30"
338;"a6a5296c-0755-4b04-ac5f-870b64a3ba65";28.453;77.05;"2024-01-20 00:00:00";"20:23:00";"Z";"2023-10-23";"2024-03-15"
339;"b50b3a45-9729-43d6-b452-6c69ac7094de";28.607;77.202;"2024-01-23 00:00:00";"22:26:00";"Z";"2023-01-01";"2023-02-12"
340;"9aeff1b1-f84e-4693-ad1f-307d978d8265";28.704;77.1;"2024-02-23 00:00:00";"13:11:00";"Z";"2023-03-07";"2023-06-09"
341;"c8658643-36df-4898-9e3e-0560cf48efc9";28.695;77.103;"2024-02-25 00:00:00";"11:44:00";"Z";"2023-05-17";"2023-08-30"
342;"9aeff1b1-f84e-4693-ad1f-307d978d8265";28.449;77.054;"2024-01-20 00:00:00";"21:54:00";"Z";"2023-03-07";"2023-06-09"
343;"d130d734-6e2b-4ce7-8970-8653376e0abb";28.701;77.102;"2024-01-16 00:00:00";"21:43:00";"Y";"2023-01-20";"2023-06-22"
344;"c2cdeb55-a67b-424e-9745-2f73ecedf6c3";28.7;77.104;"2024-01-05 00:00:00";"18:48:00";"X";"2023-02-05";"2023-06-10"
345;"2648e8b2-b9c6-45ef-80ee-a36a69f68229";28.611;77.203;"2024-02-27 00:00:00";"15:34:00";"Z";"2023-04-16";"2023-08-26"
346;"081b0340-d4d9-46cb-9e1c-eda27b84c43b";28.453;77.048;"2024-02-10 00:00:00";"10:25:00";"Z";"2023-07-13";"2023-10-20"
347;"9e1bb8fe-059e-4f63-9899-021567742f22";28.61;77.205;"2024-01-13 00:00:00";"20:03:00";"X";"2023-01-03";"2023-03-05"
348;"b174590d-2ac1-4a17-aa79-6d4587f0a904";28.699;77.102;"2024-02-03 00:00:00";"20:18:00";"Z";"2023-08-08";"2023-12-17"
349;"41fe363e-3ab4-4c1b-b0f0-f76db2937116";28.555;77.284;"2024-01-03 00:00:00";"21:50:00";"Z";"2023-06-17";"2023-08-03"
350;"9aeff1b1-f84e-4693-ad1f-307d978d8265";28.697;77.097;"2024-02-04 00:00:00";"08:15:00";"Z";"2023-03-07";"2023-06-09"
351;"3771c1be-fd5c-4398-ae8e-6397149ef6e2";28.553;77.378;"2024-01-19 00:00:00";"13:05:00";"Z";"2023-10-02";"2024-03-20"
352;"d130d734-6e2b-4ce7-8970-8653376e0abb";28.557;77.284;"2024-01-30 00:00:00";"13:38:00";"Y";"2023-01-20";"2023-06-22"
353;"00ce395d-ed6f-4bdd-98b1-e7e4a5c77d31";28.454;77.047;"2024-01-03 00:00:00";"20:43:00";"Z";"2023-07-19";"2023-11-10"
354;"df1c4536-941b-48ad-830d-35c9f025932c";28.611;77.199;"2024-01-05 00:00:00";"12:41:00";"X";"2023-10-07";"2023-11-07"
355;"090eea44-510f-4b6e-aca8-c4689b90ac26";28.628;77.371;"2024-01-11 00:00:00";"21:49:00";"Z";"2023-06-19";"2023-12-15"
356;"35001a7c-fe19-4c07-9c4c-11fb8c9efbb1";28.632;77.37;"2024-01-25 00:00:00";"18:47:00";"Y";"2023-06-02";"2023-10-21"
357;"35001a7c-fe19-4c07-9c4c-11fb8c9efbb1";28.629;77.373;"2024-02-02 00:00:00";"09:21:00";"Y";"2023-06-02";"2023-10-21"
358;"b174590d-2ac1-4a17-aa79-6d4587f0a904";28.606;77.204;"2024-01-01 00:00:00";"16:01:00";"Z";"2023-08-08";"2023-12-17"
359;"b174590d-2ac1-4a17-aa79-6d4587f0a904";28.45;77.051;"2024-02-11 00:00:00";"10:38:00";"Z";"2023-08-08";"2023-12-17"
360;"c8658643-36df-4898-9e3e-0560cf48efc9";28.546;77.377;"2024-02-03 00:00:00";"16:06:00";"Z";"2023-05-17";"2023-08-30"
361;"9e1bb8fe-059e-4f63-9899-021567742f22";28.548;77.376;"2024-01-03 00:00:00";"12:04:00";"X";"2023-01-03";"2023-03-05"
362;"2648e8b2-b9c6-45ef-80ee-a36a69f68229";28.634;77.368;"2024-02-16 00:00:00";"16:43:00";"Z";"2023-04-16";"2023-08-26"
363;"9e1bb8fe-059e-4f63-9899-021567742f22";28.561;77.281;"2024-02-11 00:00:00";"14:37:00";"X";"2023-01-03";"2023-03-05"
364;"2648e8b2-b9c6-45ef-80ee-a36a69f68229";28.446;77.05;"2024-02-11 00:00:00";"21:35:00";"Z";"2023-04-16";"2023-08-26"
365;"9e1bb8fe-059e-4f63-9899-021567742f22";28.551;77.384;"2024-02-26 00:00:00";"12:59:00";"X";"2023-01-03";"2023-03-05"
366;"6f0c796b-f7db-47cc-a6cc-410a9c476766";28.606;77.197;"2024-02-20 00:00:00";"11:42:00";"Y";"2023-04-05";"2023-05-14"
367;"4b02be81-7acb-456c-b29e-d7273fd054d6";28.446;77.053;"2024-01-09 00:00:00";"19:13:00";"X";"2023-12-12";"2024-05-16"
368;"b174590d-2ac1-4a17-aa79-6d4587f0a904";28.448;77.051;"2024-02-06 00:00:00";"12:46:00";"Z";"2023-08-08";"2023-12-17"
369;"2648e8b2-b9c6-45ef-80ee-a36a69f68229";28.696;77.096;"2024-01-02 00:00:00";"16:41:00";"Z";"2023-04-16";"2023-08-26"
370;"c2cdeb55-a67b-424e-9745-2f73ecedf6c3";28.56;77.277;"2024-01-06 00:00:00";"17:03:00";"X";"2023-02-05";"2023-06-10"
371;"9aeff1b1-f84e-4693-ad1f-307d978d8265";28.635;77.372;"2024-02-14 00:00:00";"14:48:00";"Z";"2023-03-07";"2023-06-09"
372;"4b02be81-7acb-456c-b29e-d7273fd054d6";28.562;77.284;"2024-02-02 00:00:00";"17:12:00";"X";"2023-12-12";"2024-05-16"
373;"35001a7c-fe19-4c07-9c4c-11fb8c9efbb1";28.699;77.103;"2024-02-15 00:00:00";"15:13:00";"Y";"2023-06-02";"2023-10-21"
374;"6f0c796b-f7db-47cc-a6cc-410a9c476766";28.546;77.381;"2024-01-12 00:00:00";"09:35:00";"Y";"2023-04-05";"2023-05-14"
375;"ed1dd1f8-b8b3-4d0f-98c5-06023c010ec9";28.701;77.097;"2024-01-06 00:00:00";"09:03:00";"Y";"2023-07-15";"2023-11-30"
376;"2648e8b2-b9c6-45ef-80ee-a36a69f68229";28.565;77.284;"2024-02-02 00:00:00";"09:48:00";"Z";"2023-04-16";"2023-08-26"
377;"9e1bb8fe-059e-4f63-9899-021567742f22";28.454;77.046;"2024-01-18 00:00:00";"12:48:00";"X";"2023-01-03";"2023-03-05"
378;"e5074f18-858e-4cfb-a96e-8fb000a88a3c";28.605;77.2;"2024-01-22 00:00:00";"22:24:00";"X";"2023-05-04";"2023-06-09"
379;"35001a7c-fe19-4c07-9c4c-11fb8c9efbb1";28.703;77.095;"2024-01-31 00:00:00";"10:27:00";"Y";"2023-06-02";"2023-10-21"
380;"e5074f18-858e-4cfb-a96e-8fb000a88a3c";28.612;77.198;"2024-01-12 00:00:00";"11:44:00";"X";"2023-05-04";"2023-06-09"
381;"a6a5296c-0755-4b04-ac5f-870b64a3ba65";28.612;77.198;"2024-01-24 00:00:00";"18:22:00";"Z";"2023-10-23";"2024-03-15"
382;"a6a5296c-0755-4b04-ac5f-870b64a3ba65";28.551;77.378;"2024-02-18 00:00:00";"09:07:00";"Z";"2023-10-23";"2024-03-15"
383;"a6a5296c-0755-4b04-ac5f-870b64a3ba65";28.705;77.101;"2024-01-13 00:00:00";"14:00:00";"Z";"2023-10-23";"2024-03-15"
384;"c2cdeb55-a67b-424e-9745-2f73ecedf6c3";28.606;77.197;"2024-03-01 00:00:00";"10:50:00";"X";"2023-02-05";"2023-06-10"
385;"9aeff1b1-f84e-4693-ad1f-307d978d8265";28.631;77.368;"2024-02-15 00:00:00";"21:52:00";"Z";"2023-03-07";"2023-06-09"
386;"2648e8b2-b9c6-45ef-80ee-a36a69f68229";28.556;77.28;"2024-02-18 00:00:00";"18:49:00";"Z";"2023-04-16";"2023-08-26"
387;"b50b3a45-9729-43d6-b452-6c69ac7094de";28.634;77.369;"2024-01-15 00:00:00";"19:49:00";"Z";"2023-01-01";"2023-02-12"
388;"4b02be81-7acb-456c-b29e-d7273fd054d6";28.56;77.283;"2024-01-04 00:00:00";"09:08:00";"X";"2023-12-12";"2024-05-16"
389;"081b0340-d4d9-46cb-9e1c-eda27b84c43b";28.447;77.053;"2024-01-25 00:00:00";"17:36:00";"Z";"2023-07-13";"2023-10-20"
390;"df1c4536-941b-48ad-830d-35c9f025932c";28.547;77.382;"2024-02-10 00:00:00";"09:54:00";"X";"2023-10-07";"2023-11-07"
391;"081b0340-d4d9-46cb-9e1c-eda27b84c43b";28.451;77.053;"2024-01-23 00:00:00";"12:27:00";"Z";"2023-07-13";"2023-10-20"
392;"9aeff1b1-f84e-4693-ad1f-307d978d8265";28.701;77.097;"2024-02-19 00:00:00";"21:00:00";"Z";"2023-03-07";"2023-06-09"
393;"3771c1be-fd5c-4398-ae8e-6397149ef6e2";28.628;77.368;"2024-02-18 00:00:00";"18:02:00";"Z";"2023-10-02";"2024-03-20"
394;"7caade52-b2f5-40e5-be42-66f46e2d070a";28.607;77.198;"2024-01-11 00:00:00";"09:26:00";"X";"2023-10-26";"2024-04-15"
395;"ed1dd1f8-b8b3-4d0f-98c5-06023c010ec9";28.554;77.378;"2024-03-01 00:00:00";"15:50:00";"Y";"2023-07-15";"2023-11-30"
396;"b174590d-2ac1-4a17-aa79-6d4587f0a904";28.626;77.368;"2024-01-26 00:00:00";"16:04:00";"Z";"2023-08-08";"2023-12-17"
397;"41fe363e-3ab4-4c1b-b0f0-f76db2937116";28.628;77.367;"2024-01-23 00:00:00";"20:03:00";"Z";"2023-06-17";"2023-08-03"
398;"090eea44-510f-4b6e-aca8-c4689b90ac26";28.629;77.371;"2024-01-24 00:00:00";"09:09:00";"Z";"2023-06-19";"2023-12-15"
399;"41fe363e-3ab4-4c1b-b0f0-f76db2937116";28.626;77.375;"2024-01-25 00:00:00";"17:28:00";"Z";"2023-06-17";"2023-08-03"
400;"090eea44-510f-4b6e-aca8-c4689b90ac26";28.633;77.368;"2024-01-26 00:00:00";"15:05:00";"Z";"2023-06-19";"2023-12-15"
401;"7f91a319-dafe-477e-8e49-5cbdf7a60173";28.631;77.366;"2024-01-27 00:00:00";"11:28:00";"Z";"2023-05-18";"2023-10-20"
402;"35001a7c-fe19-4c07-9c4c-11fb8c9efbb1";28.557;77.279;"2024-01-22 00:00:00";"16:36:00";"Y";"2023-06-02";"2023-10-21"
403;"090eea44-510f-4b6e-aca8-c4689b90ac26";28.556;77.284;"2024-01-23 00:00:00";"09:25:00";"Z";"2023-06-19";"2023-12-15"
404;"c8658643-36df-4898-9e3e-0560cf48efc9";28.555;77.279;"2024-01-24 00:00:00";"17:01:00";"Z";"2023-05-17";"2023-08-30"
405;"7f91a319-dafe-477e-8e49-5cbdf7a60173";28.562;77.278;"2024-01-25 00:00:00";"11:22:00";"Z";"2023-05-18";"2023-10-20"
406;"a6a5296c-0755-4b04-ac5f-870b64a3ba65";28.559;77.281;"2024-01-26 00:00:00";"21:47:00";"Z";"2023-10-23";"2024-03-15"
407;"ed1dd1f8-b8b3-4d0f-98c5-06023c010ec9";28.551;77.382;"2024-01-31 00:00:00";"16:35:00";"Y";"2023-07-15";"2023-11-30"
408;"00ce395d-ed6f-4bdd-98b1-e7e4a5c77d31";28.554;77.375;"2024-02-01 00:00:00";"14:26:00";"Z";"2023-07-19";"2023-11-10"
409;"081b0340-d4d9-46cb-9e1c-eda27b84c43b";28.546;77.378;"2024-02-02 00:00:00";"20:47:00";"Z";"2023-07-13";"2023-10-20"
410;"e5074f18-858e-4cfb-a96e-8fb000a88a3c";28.553;77.378;"2024-02-03 00:00:00";"18:48:00";"X";"2023-05-04";"2023-06-09"
411;"9e1bb8fe-059e-4f63-9899-021567742f22";28.549;77.377;"2024-02-04 00:00:00";"17:37:00";"X";"2023-01-03";"2023-03-05"
412;"3771c1be-fd5c-4398-ae8e-6397149ef6e2";28.445;77.054;"2024-01-13 00:00:00";"13:42:00";"Z";"2023-10-02";"2024-03-20"
413;"df1c4536-941b-48ad-830d-35c9f025932c";28.454;77.055;"2024-01-14 00:00:00";"11:56:00";"X";"2023-10-07";"2023-11-07"
414;"2648e8b2-b9c6-45ef-80ee-a36a69f68229";28.455;77.053;"2024-01-15 00:00:00";"11:09:00";"Z";"2023-04-16";"2023-08-26"
415;"41fe363e-3ab4-4c1b-b0f0-f76db2937116";28.452;77.051;"2024-01-16 00:00:00";"19:38:00";"Z";"2023-06-17";"2023-08-03"
416;"ed1dd1f8-b8b3-4d0f-98c5-06023c010ec9";28.447;77.049;"2024-01-17 00:00:00";"10:14:00";"Y";"2023-07-15";"2023-11-30"
417;"35001a7c-fe19-4c07-9c4c-11fb8c9efbb1";28.554;77.381;"2024-01-23 00:00:00";"08:05:00";"Y";"2023-06-02";"2023-10-21"
418;"ed1dd1f8-b8b3-4d0f-98c5-06023c010ec9";28.553;77.38;"2024-01-24 00:00:00";"20:51:00";"Y";"2023-07-15";"2023-11-30"
419;"9e1bb8fe-059e-4f63-9899-021567742f22";28.546;77.375;"2024-01-25 00:00:00";"10:18:00";"X";"2023-01-03";"2023-03-05"
420;"2648e8b2-b9c6-45ef-80ee-a36a69f68229";28.548;77.377;"2024-01-26 00:00:00";"12:38:00";"Z";"2023-04-16";"2023-08-26"
421;"d130d734-6e2b-4ce7-8970-8653376e0abb";28.546;77.381;"2024-01-27 00:00:00";"22:52:00";"Y";"2023-01-20";"2023-06-22"
422;"41fe363e-3ab4-4c1b-b0f0-f76db2937116";28.56;77.28;"2024-01-01 00:00:00";"08:16:00";"Z";"2023-06-17";"2023-08-03"
423;"b50b3a45-9729-43d6-b452-6c69ac7094de";28.561;77.28;"2024-01-02 00:00:00";"10:48:00";"Z";"2023-01-01";"2023-02-12"
424;"ed1dd1f8-b8b3-4d0f-98c5-06023c010ec9";28.559;77.281;"2024-01-03 00:00:00";"14:26:00";"Y";"2023-07-15";"2023-11-30"
425;"ed1dd1f8-b8b3-4d0f-98c5-06023c010ec9";28.56;77.279;"2024-01-04 00:00:00";"11:46:00";"Y";"2023-07-15";"2023-11-30"
426;"3771c1be-fd5c-4398-ae8e-6397149ef6e2";28.561;77.28;"2024-01-05 00:00:00";"16:59:00";"Z";"2023-10-02";"2024-03-20"
427;"6f0c796b-f7db-47cc-a6cc-410a9c476766";28.56;77.279;"2024-01-06 00:00:00";"16:12:00";"Y";"2023-04-05";"2023-05-14"
428;"081b0340-d4d9-46cb-9e1c-eda27b84c43b";28.56;77.28;"2024-01-07 00:00:00";"14:41:00";"Z";"2023-07-13";"2023-10-20"
429;"081b0340-d4d9-46cb-9e1c-eda27b84c43b";28.561;77.28;"2024-01-08 00:00:00";"11:43:00";"Z";"2023-07-13";"2023-10-20"
430;"2648e8b2-b9c6-45ef-80ee-a36a69f68229";28.56;77.281;"2024-01-09 00:00:00";"21:27:00";"Z";"2023-04-16";"2023-08-26"
431;"c2cdeb55-a67b-424e-9745-2f73ecedf6c3";28.56;77.28;"2024-01-10 00:00:00";"19:00:00";"X";"2023-02-05";"2023-06-10"
432;"081b0340-d4d9-46cb-9e1c-eda27b84c43b";28.56;77.28;"2024-01-11 00:00:00";"15:30:00";"Z";"2023-07-13";"2023-10-20"
433;"9aeff1b1-f84e-4693-ad1f-307d978d8265";28.561;77.28;"2024-01-12 00:00:00";"08:32:00";"Z";"2023-03-07";"2023-06-09"
434;"2648e8b2-b9c6-45ef-80ee-a36a69f68229";28.55;77.381;"2024-01-01 00:00:00";"22:01:00";"Z";"2023-04-16";"2023-08-26"
435;"41fe363e-3ab4-4c1b-b0f0-f76db2937116";28.549;77.38;"2024-01-02 00:00:00";"18:12:00";"Z";"2023-06-17";"2023-08-03"
436;"d0ed5e1c-90d7-4aea-a91c-be61a663fd3d";28.549;77.381;"2024-01-03 00:00:00";"12:38:00";"X";"2023-06-02";"2023-10-03"
437;"2648e8b2-b9c6-45ef-80ee-a36a69f68229";28.551;77.38;"2024-01-04 00:00:00";"20:00:00";"Z";"2023-04-16";"2023-08-26"
438;"b50b3a45-9729-43d6-b452-6c69ac7094de";28.549;77.379;"2024-01-05 00:00:00";"22:45:00";"Z";"2023-01-01";"2023-02-12"
439;"c2cdeb55-a67b-424e-9745-2f73ecedf6c3";28.549;77.379;"2024-01-06 00:00:00";"21:50:00";"X";"2023-02-05";"2023-06-10"
440;"3771c1be-fd5c-4398-ae8e-6397149ef6e2";28.549;77.38;"2024-01-07 00:00:00";"12:57:00";"Z";"2023-10-02";"2024-03-20"
441;"2648e8b2-b9c6-45ef-80ee-a36a69f68229";28.549;77.38;"2024-01-08 00:00:00";"10:33:00";"Z";"2023-04-16";"2023-08-26"
442;"b50b3a45-9729-43d6-b452-6c69ac7094de";28.549;77.38;"2024-01-09 00:00:00";"13:17:00";"Z";"2023-01-01";"2023-02-12"
443;"ed1dd1f8-b8b3-4d0f-98c5-06023c010ec9";28.55;77.38;"2024-01-10 00:00:00";"21:11:00";"Y";"2023-07-15";"2023-11-30"
444;"ed1dd1f8-b8b3-4d0f-98c5-06023c010ec9";28.549;77.381;"2024-01-11 00:00:00";"15:40:00";"Y";"2023-07-15";"2023-11-30"
445;"3771c1be-fd5c-4398-ae8e-6397149ef6e2";28.55;77.38;"2024-01-12 00:00:00";"14:44:00";"Z";"2023-10-02";"2024-03-20"
446;"a6a5296c-0755-4b04-ac5f-870b64a3ba65";28.55;77.379;"2024-01-13 00:00:00";"20:50:00";"Z";"2023-10-23";"2024-03-15"
447;"d0ed5e1c-90d7-4aea-a91c-be61a663fd3d";28.551;77.38;"2024-01-14 00:00:00";"20:04:00";"X";"2023-06-02";"2023-10-03"
448;"00ce395d-ed6f-4bdd-98b1-e7e4a5c77d31";28.55;77.38;"2024-01-15 00:00:00";"11:33:00";"Z";"2023-07-19";"2023-11-10"
449;"df1c4536-941b-48ad-830d-35c9f025932c";28.609;77.199;"2024-01-01 00:00:00";"16:16:00";"X";"2023-10-07";"2023-11-07"
450;"41fe363e-3ab4-4c1b-b0f0-f76db2937116";28.611;77.201;"2024-01-02 00:00:00";"18:28:00";"Z";"2023-06-17";"2023-08-03"
451;"d0ed5e1c-90d7-4aea-a91c-be61a663fd3d";28.611;77.2;"2024-01-03 00:00:00";"09:39:00";"X";"2023-06-02";"2023-10-03"
452;"c2cdeb55-a67b-424e-9745-2f73ecedf6c3";28.609;77.201;"2024-01-04 00:00:00";"12:42:00";"X";"2023-02-05";"2023-06-10"
453;"7caade52-b2f5-40e5-be42-66f46e2d070a";28.611;77.199;"2024-01-05 00:00:00";"18:42:00";"X";"2023-10-26";"2024-04-15"
454;"d130d734-6e2b-4ce7-8970-8653376e0abb";28.611;77.199;"2024-01-06 00:00:00";"15:49:00";"Y";"2023-01-20";"2023-06-22"
455;"b50b3a45-9729-43d6-b452-6c69ac7094de";28.61;77.2;"2024-01-07 00:00:00";"19:21:00";"Z";"2023-01-01";"2023-02-12"
456;"e5074f18-858e-4cfb-a96e-8fb000a88a3c";28.611;77.2;"2024-01-08 00:00:00";"13:35:00";"X";"2023-05-04";"2023-06-09"
457;"d130d734-6e2b-4ce7-8970-8653376e0abb";28.611;77.2;"2024-01-09 00:00:00";"19:28:00";"Y";"2023-01-20";"2023-06-22"
458;"2648e8b2-b9c6-45ef-80ee-a36a69f68229";28.56;77.279;"2024-01-01 00:00:00";"10:52:00";"Z";"2023-04-16";"2023-08-26"
459;"9e1bb8fe-059e-4f63-9899-021567742f22";28.56;77.28;"2024-01-02 00:00:00";"15:30:00";"X";"2023-01-03";"2023-03-05"
460;"e5074f18-858e-4cfb-a96e-8fb000a88a3c";28.56;77.28;"2024-01-03 00:00:00";"09:58:00";"X";"2023-05-04";"2023-06-09"
461;"b174590d-2ac1-4a17-aa79-6d4587f0a904";28.56;77.279;"2024-01-04 00:00:00";"12:42:00";"Z";"2023-08-08";"2023-12-17"
462;"d0ed5e1c-90d7-4aea-a91c-be61a663fd3d";28.56;77.279;"2024-01-05 00:00:00";"19:56:00";"X";"2023-06-02";"2023-10-03"
463;"d130d734-6e2b-4ce7-8970-8653376e0abb";28.559;77.28;"2024-01-06 00:00:00";"14:46:00";"Y";"2023-01-20";"2023-06-22"
464;"e5074f18-858e-4cfb-a96e-8fb000a88a3c";28.56;77.279;"2024-01-07 00:00:00";"14:23:00";"X";"2023-05-04";"2023-06-09"
465;"4b02be81-7acb-456c-b29e-d7273fd054d6";28.56;77.28;"2024-01-08 00:00:00";"20:54:00";"X";"2023-12-12";"2024-05-16"
466;"7f91a319-dafe-477e-8e49-5cbdf7a60173";28.56;77.279;"2024-01-09 00:00:00";"15:14:00";"Z";"2023-05-18";"2023-10-20"
467;"e5074f18-858e-4cfb-a96e-8fb000a88a3c";28.56;77.281;"2024-01-01 00:00:00";"21:51:00";"X";"2023-05-04";"2023-06-09"
468;"ed1dd1f8-b8b3-4d0f-98c5-06023c010ec9";28.56;77.281;"2024-01-02 00:00:00";"14:26:00";"Y";"2023-07-15";"2023-11-30"
469;"7caade52-b2f5-40e5-be42-66f46e2d070a";28.56;77.28;"2024-01-03 00:00:00";"19:52:00";"X";"2023-10-26";"2024-04-15"
470;"41fe363e-3ab4-4c1b-b0f0-f76db2937116";28.56;77.279;"2024-01-04 00:00:00";"15:37:00";"Z";"2023-06-17";"2023-08-03"
471;"ed1dd1f8-b8b3-4d0f-98c5-06023c010ec9";28.561;77.28;"2024-01-05 00:00:00";"15:25:00";"Y";"2023-07-15";"2023-11-30"
472;"b50b3a45-9729-43d6-b452-6c69ac7094de";28.559;77.279;"2024-01-06 00:00:00";"22:26:00";"Z";"2023-01-01";"2023-02-12"
473;"df1c4536-941b-48ad-830d-35c9f025932c";28.561;77.28;"2024-01-07 00:00:00";"11:27:00";"X";"2023-10-07";"2023-11-07"
474;"b50b3a45-9729-43d6-b452-6c69ac7094de";28.56;77.279;"2024-01-08 00:00:00";"14:37:00";"Z";"2023-01-01";"2023-02-12"
475;"b50b3a45-9729-43d6-b452-6c69ac7094de";28.63;77.37;"2024-01-01 00:00:00";"19:48:00";"Z";"2023-01-01";"2023-02-12"
476;"d0ed5e1c-90d7-4aea-a91c-be61a663fd3d";28.629;77.37;"2024-01-02 00:00:00";"09:12:00";"X";"2023-06-02";"2023-10-03"
477;"9e1bb8fe-059e-4f63-9899-021567742f22";28.629;77.369;"2024-01-03 00:00:00";"15:14:00";"X";"2023-01-03";"2023-03-05"
478;"090eea44-510f-4b6e-aca8-c4689b90ac26";28.631;77.37;"2024-01-04 00:00:00";"11:42:00";"Z";"2023-06-19";"2023-12-15"
479;"d130d734-6e2b-4ce7-8970-8653376e0abb";28.631;77.37;"2024-01-05 00:00:00";"14:16:00";"Y";"2023-01-20";"2023-06-22"
480;"d0ed5e1c-90d7-4aea-a91c-be61a663fd3d";28.629;77.37;"2024-01-06 00:00:00";"22:20:00";"X";"2023-06-02";"2023-10-03"
481;"081b0340-d4d9-46cb-9e1c-eda27b84c43b";28.631;77.369;"2024-01-07 00:00:00";"21:47:00";"Z";"2023-07-13";"2023-10-20"
482;"9e1bb8fe-059e-4f63-9899-021567742f22";28.63;77.369;"2024-01-08 00:00:00";"10:30:00";"X";"2023-01-03";"2023-03-05"
483;"d0ed5e1c-90d7-4aea-a91c-be61a663fd3d";28.631;77.37;"2024-01-09 00:00:00";"10:50:00";"X";"2023-06-02";"2023-10-03"
484;"00ce395d-ed6f-4bdd-98b1-e7e4a5c77d31";28.63;77.37;"2024-01-10 00:00:00";"11:56:00";"Z";"2023-07-19";"2023-11-10"
485;"e5074f18-858e-4cfb-a96e-8fb000a88a3c";28.629;77.371;"2024-01-11 00:00:00";"19:05:00";"X";"2023-05-04";"2023-06-09"
486;"c8658643-36df-4898-9e3e-0560cf48efc9";28.63;77.37;"2024-01-12 00:00:00";"19:18:00";"Z";"2023-05-17";"2023-08-30"
487;"090eea44-510f-4b6e-aca8-c4689b90ac26";28.631;77.37;"2024-01-13 00:00:00";"17:15:00";"Z";"2023-06-19";"2023-12-15"
488;"d0ed5e1c-90d7-4aea-a91c-be61a663fd3d";28.7;77.1;"2024-01-01 00:00:00";"21:07:00";"X";"2023-06-02";"2023-10-03"
489;"7f91a319-dafe-477e-8e49-5cbdf7a60173";28.699;77.099;"2024-01-02 00:00:00";"11:10:00";"Z";"2023-05-18";"2023-10-20"
490;"ed1dd1f8-b8b3-4d0f-98c5-06023c010ec9";28.7;77.101;"2024-01-03 00:00:00";"14:42:00";"Y";"2023-07-15";"2023-11-30"
491;"41fe363e-3ab4-4c1b-b0f0-f76db2937116";28.701;77.1;"2024-01-04 00:00:00";"14:27:00";"Z";"2023-06-17";"2023-08-03"
492;"41fe363e-3ab4-4c1b-b0f0-f76db2937116";28.699;77.1;"2024-01-05 00:00:00";"21:44:00";"Z";"2023-06-17";"2023-08-03"
493;"7caade52-b2f5-40e5-be42-66f46e2d070a";28.7;77.101;"2024-01-06 00:00:00";"17:22:00";"X";"2023-10-26";"2024-04-15"
494;"00ce395d-ed6f-4bdd-98b1-e7e4a5c77d31";28.699;77.099;"2024-01-07 00:00:00";"14:03:00";"Z";"2023-07-19";"2023-11-10"
495;"d130d734-6e2b-4ce7-8970-8653376e0abb";28.699;77.101;"2024-01-08 00:00:00";"08:09:00";"Y";"2023-01-20";"2023-06-22"
496;"b174590d-2ac1-4a17-aa79-6d4587f0a904";28.701;77.1;"2024-01-09 00:00:00";"11:53:00";"Z";"2023-08-08";"2023-12-17"
497;"00ce395d-ed6f-4bdd-98b1-e7e4a5c77d31";28.7;77.101;"2024-01-10 00:00:00";"12:57:00";"Z";"2023-07-19";"2023-11-10"
498;"d130d734-6e2b-4ce7-8970-8653376e0abb";28.699;77.1;"2024-01-01 00:00:00";"11:18:00";"Y";"2023-01-20";"2023-06-22"
499;"41fe363e-3ab4-4c1b-b0f0-f76db2937116";28.699;77.1;"2024-01-02 00:00:00";"11:44:00";"Z";"2023-06-17";"2023-08-03"
500;"ed1dd1f8-b8b3-4d0f-98c5-06023c010ec9";28.699;77.1;"2024-01-03 00:00:00";"17:24:00";"Y";"2023-07-15";"2023-11-30"
501;"9e1bb8fe-059e-4f63-9899-021567742f22";28.701;77.1;"2024-01-04 00:00:00";"20:33:00";"X";"2023-01-03";"2023-03-05"
502;"6f0c796b-f7db-47cc-a6cc-410a9c476766";28.7;77.101;"2024-01-05 00:00:00";"09:18:00";"Y";"2023-04-05";"2023-05-14"
503;"ed1dd1f8-b8b3-4d0f-98c5-06023c010ec9";28.701;77.101;"2024-01-06 00:00:00";"09:05:00";"Y";"2023-07-15";"2023-11-30"
504;"9e1bb8fe-059e-4f63-9899-021567742f22";28.7;77.1;"2024-01-07 00:00:00";"08:15:00";"X";"2023-01-03";"2023-03-05"
505;"7f91a319-dafe-477e-8e49-5cbdf7a60173";28.699;77.1;"2024-01-08 00:00:00";"12:10:00";"Z";"2023-05-18";"2023-10-20"
506;"c8658643-36df-4898-9e3e-0560cf48efc9";28.701;77.1;"2024-01-09 00:00:00";"11:11:00";"Z";"2023-05-17";"2023-08-30"
507;"d130d734-6e2b-4ce7-8970-8653376e0abb";28.7;77.099;"2024-01-10 00:00:00";"17:22:00";"Y";"2023-01-20";"2023-06-22"
508;"7f91a319-dafe-477e-8e49-5cbdf7a60173";28.7;77.099;"2024-01-01 00:00:00";"13:14:00";"Z";"2023-05-18";"2023-10-20"
509;"c2cdeb55-a67b-424e-9745-2f73ecedf6c3";28.7;77.1;"2024-01-02 00:00:00";"15:44:00";"X";"2023-02-05";"2023-06-10"
510;"4b02be81-7acb-456c-b29e-d7273fd054d6";28.7;77.1;"2024-01-03 00:00:00";"19:05:00";"X";"2023-12-12";"2024-05-16"
511;"3771c1be-fd5c-4398-ae8e-6397149ef6e2";28.7;77.099;"2024-01-04 00:00:00";"10:52:00";"Z";"2023-10-02";"2024-03-20"
512;"6f0c796b-f7db-47cc-a6cc-410a9c476766";28.701;77.101;"2024-01-05 00:00:00";"16:01:00";"Y";"2023-04-05";"2023-05-14"
513;"090eea44-510f-4b6e-aca8-c4689b90ac26";28.701;77.099;"2024-01-06 00:00:00";"10:22:00";"Z";"2023-06-19";"2023-12-15"
514;"41fe363e-3ab4-4c1b-b0f0-f76db2937116";28.701;77.099;"2024-01-07 00:00:00";"19:53:00";"Z";"2023-06-17";"2023-08-03"
515;"ed1dd1f8-b8b3-4d0f-98c5-06023c010ec9";28.701;77.1;"2024-01-08 00:00:00";"17:41:00";"Y";"2023-07-15";"2023-11-30"
516;"090eea44-510f-4b6e-aca8-c4689b90ac26";28.7;77.1;"2024-01-09 00:00:00";"16:42:00";"Z";"2023-06-19";"2023-12-15"
517;"9aeff1b1-f84e-4693-ad1f-307d978d8265";28.701;77.099;"2024-01-10 00:00:00";"18:58:00";"Z";"2023-03-07";"2023-06-09"
518;"c2cdeb55-a67b-424e-9745-2f73ecedf6c3";28.7;77.101;"2024-01-11 00:00:00";"16:22:00";"X";"2023-02-05";"2023-06-10"
519;"00ce395d-ed6f-4bdd-98b1-e7e4a5c77d31";28.699;77.1;"2024-01-01 00:00:00";"19:27:00";"Z";"2023-07-19";"2023-11-10"
520;"9aeff1b1-f84e-4693-ad1f-307d978d8265";28.701;77.099;"2024-01-02 00:00:00";"19:11:00";"Z";"2023-03-07";"2023-06-09"
521;"4b02be81-7acb-456c-b29e-d7273fd054d6";28.701;77.1;"2024-01-03 00:00:00";"09:38:00";"X";"2023-12-12";"2024-05-16"
522;"a6a5296c-0755-4b04-ac5f-870b64a3ba65";28.701;77.101;"2024-01-04 00:00:00";"10:48:00";"Z";"2023-10-23";"2024-03-15"
523;"7f91a319-dafe-477e-8e49-5cbdf7a60173";28.7;77.1;"2024-01-05 00:00:00";"20:53:00";"Z";"2023-05-18";"2023-10-20"
524;"b174590d-2ac1-4a17-aa79-6d4587f0a904";28.7;77.101;"2024-01-06 00:00:00";"15:38:00";"Z";"2023-08-08";"2023-12-17"
525;"df1c4536-941b-48ad-830d-35c9f025932c";28.699;77.101;"2024-01-07 00:00:00";"17:21:00";"X";"2023-10-07";"2023-11-07"
526;"d130d734-6e2b-4ce7-8970-8653376e0abb";28.7;77.101;"2024-01-08 00:00:00";"19:04:00";"Y";"2023-01-20";"2023-06-22"
527;"081b0340-d4d9-46cb-9e1c-eda27b84c43b";28.7;77.099;"2024-01-09 00:00:00";"22:43:00";"Z";"2023-07-13";"2023-10-20"
528;"2648e8b2-b9c6-45ef-80ee-a36a69f68229";28.701;77.1;"2024-01-10 00:00:00";"18:02:00";"Z";"2023-04-16";"2023-08-26"
529;"b174590d-2ac1-4a17-aa79-6d4587f0a904";28.55;77.38;"2024-02-02 00:00:00";"17:34:00";"Z";"2023-08-08";"2023-12-17"
530;"4b02be81-7acb-456c-b29e-d7273fd054d6";28.701;77.1;"2024-01-28 00:00:00";"08:47:00";"X";"2023-12-12";"2024-05-16"
531;"35001a7c-fe19-4c07-9c4c-11fb8c9efbb1";28.631;77.371;"2024-01-20 00:00:00";"21:30:00";"Y";"2023-06-02";"2023-10-21"
532;"9e1bb8fe-059e-4f63-9899-021567742f22";28.63;77.37;"2024-01-20 00:00:00";"12:00:00";"X";"2023-01-03";"2023-03-05"
533;"c2cdeb55-a67b-424e-9745-2f73ecedf6c3";28.7;77.101;"2024-01-02 00:00:00";"09:44:00";"X";"2023-02-05";"2023-06-10"
534;"d0ed5e1c-90d7-4aea-a91c-be61a663fd3d";28.56;77.28;"2024-01-07 00:00:00";"13:39:00";"X";"2023-06-02";"2023-10-03"
535;"c8658643-36df-4898-9e3e-0560cf48efc9";28.631;77.37;"2024-02-26 00:00:00";"21:59:00";"Z";"2023-05-17";"2023-08-30"
536;"00ce395d-ed6f-4bdd-98b1-e7e4a5c77d31";28.56;77.281;"2024-01-28 00:00:00";"17:54:00";"Z";"2023-07-19";"2023-11-10"
537;"00ce395d-ed6f-4bdd-98b1-e7e4a5c77d31";28.61;77.2;"2024-01-23 00:00:00";"09:34:00";"Z";"2023-07-19";"2023-11-10"
538;"9e1bb8fe-059e-4f63-9899-021567742f22";28.63;77.371;"2024-02-17 00:00:00";"12:36:00";"X";"2023-01-03";"2023-03-05"
539;"9e1bb8fe-059e-4f63-9899-021567742f22";28.45;77.05;"2024-01-06 00:00:00";"19:34:00";"X";"2023-01-03";"2023-03-05"
540;"e5074f18-858e-4cfb-a96e-8fb000a88a3c";28.559;77.28;"2024-02-19 00:00:00";"14:45:00";"X";"2023-05-04";"2023-06-09"
541;"6f0c796b-f7db-47cc-a6cc-410a9c476766";28.629;77.371;"2024-02-26 00:00:00";"18:40:00";"Y";"2023-04-05";"2023-05-14"
542;"41fe363e-3ab4-4c1b-b0f0-f76db2937116";28.629;77.37;"2024-01-15 00:00:00";"19:22:00";"Z";"2023-06-17";"2023-08-03"
543;"2648e8b2-b9c6-45ef-80ee-a36a69f68229";28.61;77.201;"2024-01-14 00:00:00";"10:11:00";"Z";"2023-04-16";"2023-08-26"
544;"00ce395d-ed6f-4bdd-98b1-e7e4a5c77d31";28.63;77.37;"2024-01-12 00:00:00";"12:45:00";"Z";"2023-07-19";"2023-11-10"
545;"d0ed5e1c-90d7-4aea-a91c-be61a663fd3d";28.559;77.279;"2024-01-23 00:00:00";"13:34:00";"X";"2023-06-02";"2023-10-03"
546;"9aeff1b1-f84e-4693-ad1f-307d978d8265";28.7;77.099;"2024-01-31 00:00:00";"16:02:00";"Z";"2023-03-07";"2023-06-09"
547;"a6a5296c-0755-4b04-ac5f-870b64a3ba65";28.61;77.199;"2024-02-18 00:00:00";"08:16:00";"Z";"2023-10-23";"2024-03-15"
548;"9e1bb8fe-059e-4f63-9899-021567742f22";28.55;77.38;"2024-01-31 00:00:00";"22:57:00";"X";"2023-01-03";"2023-03-05"
549;"e5074f18-858e-4cfb-a96e-8fb000a88a3c";28.559;77.28;"2024-02-21 00:00:00";"11:13:00";"X";"2023-05-04";"2023-06-09"
550;"df1c4536-941b-48ad-830d-35c9f025932c";28.699;77.099;"2024-01-27 00:00:00";"17:10:00";"X";"2023-10-07";"2023-11-07"
551;"9e1bb8fe-059e-4f63-9899-021567742f22";28.63;77.37;"2024-01-12 00:00:00";"08:22:00";"X";"2023-01-03";"2023-03-05"
552;"00ce395d-ed6f-4bdd-98b1-e7e4a5c77d31";28.55;77.38;"2024-01-02 00:00:00";"20:19:00";"Z";"2023-07-19";"2023-11-10"
553;"c8658643-36df-4898-9e3e-0560cf48efc9";28.7;77.099;"2024-01-04 00:00:00";"16:33:00";"Z";"2023-05-17";"2023-08-30"
554;"d130d734-6e2b-4ce7-8970-8653376e0abb";28.56;77.28;"2024-01-29 00:00:00";"18:50:00";"Y";"2023-01-20";"2023-06-22"
555;"d130d734-6e2b-4ce7-8970-8653376e0abb";28.561;77.279;"2024-01-28 00:00:00";"17:31:00";"Y";"2023-01-20";"2023-06-22"
556;"9aeff1b1-f84e-4693-ad1f-307d978d8265";28.63;77.37;"2024-02-25 00:00:00";"19:27:00";"Z";"2023-03-07";"2023-06-09"
557;"9e1bb8fe-059e-4f63-9899-021567742f22";28.55;77.379;"2024-02-25 00:00:00";"17:54:00";"X";"2023-01-03";"2023-03-05"
558;"7f91a319-dafe-477e-8e49-5cbdf7a60173";28.63;77.37;"2024-01-22 00:00:00";"16:18:00";"Z";"2023-05-18";"2023-10-20"
559;"41fe363e-3ab4-4c1b-b0f0-f76db2937116";28.61;77.201;"2024-01-16 00:00:00";"14:59:00";"Z";"2023-06-17";"2023-08-03"
560;"9aeff1b1-f84e-4693-ad1f-307d978d8265";28.629;77.369;"2024-01-23 00:00:00";"08:27:00";"Z";"2023-03-07";"2023-06-09"
561;"2648e8b2-b9c6-45ef-80ee-a36a69f68229";28.549;77.38;"2024-01-09 00:00:00";"08:28:00";"Z";"2023-04-16";"2023-08-26"
562;"2648e8b2-b9c6-45ef-80ee-a36a69f68229";28.611;77.2;"2024-02-20 00:00:00";"13:17:00";"Z";"2023-04-16";"2023-08-26"
563;"df1c4536-941b-48ad-830d-35c9f025932c";28.559;77.28;"2024-02-09 00:00:00";"14:21:00";"X";"2023-10-07";"2023-11-07"
564;"081b0340-d4d9-46cb-9e1c-eda27b84c43b";28.55;77.38;"2024-02-02 00:00:00";"09:27:00";"Z";"2023-07-13";"2023-10-20"
565;"e5074f18-858e-4cfb-a96e-8fb000a88a3c";28.55;77.38;"2024-02-21 00:00:00";"22:57:00";"X";"2023-05-04";"2023-06-09"
566;"41fe363e-3ab4-4c1b-b0f0-f76db2937116";28.45;77.049;"2024-02-02 00:00:00";"21:45:00";"Z";"2023-06-17";"2023-08-03"
567;"9e1bb8fe-059e-4f63-9899-021567742f22";28.63;77.371;"2024-01-31 00:00:00";"09:28:00";"X";"2023-01-03";"2023-03-05"
568;"7f91a319-dafe-477e-8e49-5cbdf7a60173";28.609;77.201;"2024-02-01 00:00:00";"20:58:00";"Z";"2023-05-18";"2023-10-20"
569;"35001a7c-fe19-4c07-9c4c-11fb8c9efbb1";28.699;77.1;"2024-02-11 00:00:00";"08:58:00";"Y";"2023-06-02";"2023-10-21"
570;"9e1bb8fe-059e-4f63-9899-021567742f22";28.56;77.279;"2024-02-17 00:00:00";"20:05:00";"X";"2023-01-03";"2023-03-05"
571;"b50b3a45-9729-43d6-b452-6c69ac7094de";28.7;77.1;"2024-02-28 00:00:00";"22:14:00";"Z";"2023-01-01";"2023-02-12"
572;"ed1dd1f8-b8b3-4d0f-98c5-06023c010ec9";28.7;77.101;"2024-01-06 00:00:00";"19:24:00";"Y";"2023-07-15";"2023-11-30"
573;"c8658643-36df-4898-9e3e-0560cf48efc9";28.609;77.2;"2024-01-09 00:00:00";"21:04:00";"Z";"2023-05-17";"2023-08-30"
574;"9e1bb8fe-059e-4f63-9899-021567742f22";28.55;77.381;"2024-01-27 00:00:00";"15:58:00";"X";"2023-01-03";"2023-03-05"
575;"00ce395d-ed6f-4bdd-98b1-e7e4a5c77d31";28.56;77.28;"2024-02-18 00:00:00";"17:10:00";"Z";"2023-07-19";"2023-11-10"
576;"7caade52-b2f5-40e5-be42-66f46e2d070a";28.559;77.279;"2024-02-09 00:00:00";"18:09:00";"X";"2023-10-26";"2024-04-15"
577;"df1c4536-941b-48ad-830d-35c9f025932c";28.63;77.371;"2024-02-21 00:00:00";"09:44:00";"X";"2023-10-07";"2023-11-07"
578;"3771c1be-fd5c-4398-ae8e-6397149ef6e2";28.56;77.281;"2024-01-21 00:00:00";"22:49:00";"Z";"2023-10-02";"2024-03-20"
579;"9aeff1b1-f84e-4693-ad1f-307d978d8265";28.61;77.2;"2024-01-15 00:00:00";"11:54:00";"Z";"2023-03-07";"2023-06-09"
580;"7caade52-b2f5-40e5-be42-66f46e2d070a";28.449;77.05;"2024-02-01 00:00:00";"15:51:00";"X";"2023-10-26";"2024-04-15"
581;"090eea44-510f-4b6e-aca8-c4689b90ac26";28.55;77.381;"2024-01-23 00:00:00";"16:10:00";"Z";"2023-06-19";"2023-12-15"
582;"c8658643-36df-4898-9e3e-0560cf48efc9";28.451;77.049;"2024-02-06 00:00:00";"22:21:00";"Z";"2023-05-17";"2023-08-30"
583;"081b0340-d4d9-46cb-9e1c-eda27b84c43b";28.701;77.099;"2024-01-22 00:00:00";"08:07:00";"Z";"2023-07-13";"2023-10-20"
584;"3771c1be-fd5c-4398-ae8e-6397149ef6e2";28.45;77.05;"2024-01-14 00:00:00";"13:46:00";"Z";"2023-10-02";"2024-03-20"
585;"4b02be81-7acb-456c-b29e-d7273fd054d6";28.7;77.099;"2024-02-23 00:00:00";"22:02:00";"X";"2023-12-12";"2024-05-16"
586;"7f91a319-dafe-477e-8e49-5cbdf7a60173";28.611;77.201;"2024-01-12 00:00:00";"22:10:00";"Z";"2023-05-18";"2023-10-20"
587;"7caade52-b2f5-40e5-be42-66f46e2d070a";28.56;77.28;"2024-02-21 00:00:00";"20:18:00";"X";"2023-10-26";"2024-04-15"
588;"b174590d-2ac1-4a17-aa79-6d4587f0a904";28.449;77.051;"2024-02-06 00:00:00";"20:59:00";"Z";"2023-08-08";"2023-12-17"
589;"c2cdeb55-a67b-424e-9745-2f73ecedf6c3";28.55;77.38;"2024-01-30 00:00:00";"21:51:00";"X";"2023-02-05";"2023-06-10"
590;"7f91a319-dafe-477e-8e49-5cbdf7a60173";28.559;77.28;"2024-02-19 00:00:00";"12:01:00";"Z";"2023-05-18";"2023-10-20"
591;"7f91a319-dafe-477e-8e49-5cbdf7a60173";28.56;77.28;"2024-01-15 00:00:00";"11:12:00";"Z";"2023-05-18";"2023-10-20"
592;"a6a5296c-0755-4b04-ac5f-870b64a3ba65";28.629;77.369;"2024-02-27 00:00:00";"10:08:00";"Z";"2023-10-23";"2024-03-15"
593;"081b0340-d4d9-46cb-9e1c-eda27b84c43b";28.7;77.101;"2024-01-04 00:00:00";"11:52:00";"Z";"2023-07-13";"2023-10-20"
594;"ed1dd1f8-b8b3-4d0f-98c5-06023c010ec9";28.63;77.369;"2024-02-25 00:00:00";"18:02:00";"Y";"2023-07-15";"2023-11-30"
595;"d0ed5e1c-90d7-4aea-a91c-be61a663fd3d";28.55;77.38;"2024-02-14 00:00:00";"22:51:00";"X";"2023-06-02";"2023-10-03"
596;"df1c4536-941b-48ad-830d-35c9f025932c";28.559;77.28;"2024-01-15 00:00:00";"19:57:00";"X";"2023-10-07";"2023-11-07"
597;"090eea44-510f-4b6e-aca8-c4689b90ac26";28.561;77.279;"2024-01-22 00:00:00";"08:55:00";"Z";"2023-06-19";"2023-12-15"
598;"9e1bb8fe-059e-4f63-9899-021567742f22";28.56;77.28;"2024-01-13 00:00:00";"20:42:00";"X";"2023-01-03";"2023-03-05"
599;"b174590d-2ac1-4a17-aa79-6d4587f0a904";28.63;77.37;"2024-01-15 00:00:00";"13:31:00";"Z";"2023-08-08";"2023-12-17"
600;"d0ed5e1c-90d7-4aea-a91c-be61a663fd3d";28.559;77.279;"2024-01-04 00:00:00";"19:26:00";"X";"2023-06-02";"2023-10-03"
601;"a6a5296c-0755-4b04-ac5f-870b64a3ba65";28.451;77.049;"2024-01-18 00:00:00";"08:31:00";"Z";"2023-10-23";"2024-03-15"
602;"6f0c796b-f7db-47cc-a6cc-410a9c476766";28.559;77.281;"2024-01-28 00:00:00";"09:09:00";"Y";"2023-04-05";"2023-05-14"
603;"ed1dd1f8-b8b3-4d0f-98c5-06023c010ec9";28.55;77.379;"2024-01-16 00:00:00";"16:20:00";"Y";"2023-07-15";"2023-11-30"
604;"090eea44-510f-4b6e-aca8-c4689b90ac26";28.63;77.371;"2024-01-25 00:00:00";"13:04:00";"Z";"2023-06-19";"2023-12-15"
605;"7caade52-b2f5-40e5-be42-66f46e2d070a";28.7;77.101;"2024-01-12 00:00:00";"16:34:00";"X";"2023-10-26";"2024-04-15"
606;"c2cdeb55-a67b-424e-9745-2f73ecedf6c3";28.61;77.2;"2024-01-01 00:00:00";"22:03:00";"X";"2023-02-05";"2023-06-10"
607;"7caade52-b2f5-40e5-be42-66f46e2d070a";28.63;77.371;"2024-01-27 00:00:00";"12:16:00";"X";"2023-10-26";"2024-04-15"
608;"b50b3a45-9729-43d6-b452-6c69ac7094de";28.699;77.101;"2024-01-01 00:00:00";"20:33:00";"Z";"2023-01-01";"2023-02-12"
609;"35001a7c-fe19-4c07-9c4c-11fb8c9efbb1";28.63;77.369;"2024-01-27 00:00:00";"11:04:00";"Y";"2023-06-02";"2023-10-21"
610;"090eea44-510f-4b6e-aca8-c4689b90ac26";28.631;77.37;"2024-02-24 00:00:00";"10:59:00";"Z";"2023-06-19";"2023-12-15"
611;"3771c1be-fd5c-4398-ae8e-6397149ef6e2";28.451;77.05;"2024-02-17 00:00:00";"13:31:00";"Z";"2023-10-02";"2024-03-20"
612;"6f0c796b-f7db-47cc-a6cc-410a9c476766";28.629;77.371;"2024-01-19 00:00:00";"08:26:00";"Y";"2023-04-05";"2023-05-14"
613;"9e1bb8fe-059e-4f63-9899-021567742f22";28.451;77.049;"2024-01-08 00:00:00";"08:50:00";"X";"2023-01-03";"2023-03-05"
614;"ed1dd1f8-b8b3-4d0f-98c5-06023c010ec9";28.63;77.369;"2024-02-22 00:00:00";"18:38:00";"Y";"2023-07-15";"2023-11-30"
615;"e5074f18-858e-4cfb-a96e-8fb000a88a3c";28.61;77.2;"2024-02-27 00:00:00";"17:43:00";"X";"2023-05-04";"2023-06-09"
616;"41fe363e-3ab4-4c1b-b0f0-f76db2937116";28.561;77.279;"2024-02-21 00:00:00";"18:13:00";"Z";"2023-06-17";"2023-08-03"
617;"00ce395d-ed6f-4bdd-98b1-e7e4a5c77d31";28.701;77.099;"2024-02-22 00:00:00";"20:39:00";"Z";"2023-07-19";"2023-11-10"
618;"df1c4536-941b-48ad-830d-35c9f025932c";28.629;77.371;"2024-02-25 00:00:00";"19:31:00";"X";"2023-10-07";"2023-11-07"
619;"9e1bb8fe-059e-4f63-9899-021567742f22";28.56;77.281;"2024-01-16 00:00:00";"21:59:00";"X";"2023-01-03";"2023-03-05"
620;"3771c1be-fd5c-4398-ae8e-6397149ef6e2";28.45;77.049;"2024-02-11 00:00:00";"17:09:00";"Z";"2023-10-02";"2024-03-20"
621;"e5074f18-858e-4cfb-a96e-8fb000a88a3c";28.63;77.371;"2024-02-28 00:00:00";"21:27:00";"X";"2023-05-04";"2023-06-09"
622;"00ce395d-ed6f-4bdd-98b1-e7e4a5c77d31";28.609;77.199;"2024-02-10 00:00:00";"19:29:00";"Z";"2023-07-19";"2023-11-10"
623;"090eea44-510f-4b6e-aca8-c4689b90ac26";28.45;77.05;"2024-02-02 00:00:00";"13:37:00";"Z";"2023-06-19";"2023-12-15"
624;"b50b3a45-9729-43d6-b452-6c69ac7094de";28.629;77.369;"2024-02-29 00:00:00";"13:22:00";"Z";"2023-01-01";"2023-02-12"
625;"d0ed5e1c-90d7-4aea-a91c-be61a663fd3d";28.55;77.381;"2024-01-20 00:00:00";"22:43:00";"X";"2023-06-02";"2023-10-03"
626;"3771c1be-fd5c-4398-ae8e-6397149ef6e2";28.61;77.2;"2024-01-30 00:00:00";"20:31:00";"Z";"2023-10-02";"2024-03-20"
627;"ed1dd1f8-b8b3-4d0f-98c5-06023c010ec9";28.56;77.28;"2024-01-20 00:00:00";"18:37:00";"Y";"2023-07-15";"2023-11-30"
628;"b50b3a45-9729-43d6-b452-6c69ac7094de";28.549;77.38;"2024-01-03 00:00:00";"20:56:00";"Z";"2023-01-01";"2023-02-12"
629;"7caade52-b2f5-40e5-be42-66f46e2d070a";28.609;77.201;"2024-02-21 00:00:00";"15:24:00";"X";"2023-10-26";"2024-04-15"
630;"35001a7c-fe19-4c07-9c4c-11fb8c9efbb1";28.7;77.101;"2024-01-17 00:00:00";"22:45:00";"Y";"2023-06-02";"2023-10-21"
631;"a6a5296c-0755-4b04-ac5f-870b64a3ba65";28.451;77.051;"2024-01-21 00:00:00";"14:10:00";"Z";"2023-10-23";"2024-03-15"
632;"6f0c796b-f7db-47cc-a6cc-410a9c476766";28.7;77.1;"2024-02-22 00:00:00";"17:35:00";"Y";"2023-04-05";"2023-05-14"
633;"6f0c796b-f7db-47cc-a6cc-410a9c476766";28.7;77.1;"2024-01-28 00:00:00";"16:19:00";"Y";"2023-04-05";"2023-05-14"
634;"2648e8b2-b9c6-45ef-80ee-a36a69f68229";28.45;77.05;"2024-01-15 00:00:00";"22:27:00";"Z";"2023-04-16";"2023-08-26"
635;"d0ed5e1c-90d7-4aea-a91c-be61a663fd3d";28.7;77.1;"2024-02-25 00:00:00";"20:12:00";"X";"2023-06-02";"2023-10-03"
636;"d0ed5e1c-90d7-4aea-a91c-be61a663fd3d";28.45;77.049;"2024-01-15 00:00:00";"22:51:00";"X";"2023-06-02";"2023-10-03"
637;"081b0340-d4d9-46cb-9e1c-eda27b84c43b";28.629;77.37;"2024-01-07 00:00:00";"22:50:00";"Z";"2023-07-13";"2023-10-20"
638;"41fe363e-3ab4-4c1b-b0f0-f76db2937116";28.56;77.28;"2024-01-22 00:00:00";"17:08:00";"Z";"2023-06-17";"2023-08-03"
639;"090eea44-510f-4b6e-aca8-c4689b90ac26";28.55;77.38;"2024-01-17 00:00:00";"14:39:00";"Z";"2023-06-19";"2023-12-15"
640;"b50b3a45-9729-43d6-b452-6c69ac7094de";28.551;77.381;"2024-01-12 00:00:00";"20:35:00";"Z";"2023-01-01";"2023-02-12"
641;"9aeff1b1-f84e-4693-ad1f-307d978d8265";28.61;77.2;"2024-01-25 00:00:00";"14:26:00";"Z";"2023-03-07";"2023-06-09"
642;"c8658643-36df-4898-9e3e-0560cf48efc9";28.611;77.201;"2024-02-15 00:00:00";"14:00:00";"Z";"2023-05-17";"2023-08-30"
643;"7f91a319-dafe-477e-8e49-5cbdf7a60173";28.561;77.28;"2024-02-11 00:00:00";"21:16:00";"Z";"2023-05-18";"2023-10-20"
644;"7caade52-b2f5-40e5-be42-66f46e2d070a";28.45;77.05;"2024-02-13 00:00:00";"20:59:00";"X";"2023-10-26";"2024-04-15"
645;"6f0c796b-f7db-47cc-a6cc-410a9c476766";28.451;77.05;"2024-02-08 00:00:00";"19:36:00";"Y";"2023-04-05";"2023-05-14"
646;"c2cdeb55-a67b-424e-9745-2f73ecedf6c3";28.45;77.049;"2024-01-31 00:00:00";"14:23:00";"X";"2023-02-05";"2023-06-10"
647;"7caade52-b2f5-40e5-be42-66f46e2d070a";28.56;77.279;"2024-02-08 00:00:00";"12:22:00";"X";"2023-10-26";"2024-04-15"
648;"7f91a319-dafe-477e-8e49-5cbdf7a60173";28.451;77.049;"2024-02-06 00:00:00";"09:16:00";"Z";"2023-05-18";"2023-10-20"
649;"41fe363e-3ab4-4c1b-b0f0-f76db2937116";28.61;77.199;"2024-02-07 00:00:00";"14:42:00";"Z";"2023-06-17";"2023-08-03"
650;"a6a5296c-0755-4b04-ac5f-870b64a3ba65";28.7;77.099;"2024-01-07 00:00:00";"13:30:00";"Z";"2023-10-23";"2024-03-15"
651;"c8658643-36df-4898-9e3e-0560cf48efc9";28.611;77.2;"2024-01-26 00:00:00";"17:41:00";"Z";"2023-05-17";"2023-08-30"
652;"d0ed5e1c-90d7-4aea-a91c-be61a663fd3d";28.7;77.1;"2024-02-13 00:00:00";"12:10:00";"X";"2023-06-02";"2023-10-03"
653;"c2cdeb55-a67b-424e-9745-2f73ecedf6c3";28.559;77.28;"2024-02-29 00:00:00";"13:14:00";"X";"2023-02-05";"2023-06-10"
654;"081b0340-d4d9-46cb-9e1c-eda27b84c43b";28.7;77.099;"2024-01-17 00:00:00";"10:22:00";"Z";"2023-07-13";"2023-10-20"
655;"b50b3a45-9729-43d6-b452-6c69ac7094de";28.701;77.1;"2024-02-05 00:00:00";"12:58:00";"Z";"2023-01-01";"2023-02-12"
656;"4b02be81-7acb-456c-b29e-d7273fd054d6";28.61;77.2;"2024-01-24 00:00:00";"18:16:00";"X";"2023-12-12";"2024-05-16"
657;"b174590d-2ac1-4a17-aa79-6d4587f0a904";28.61;77.201;"2024-02-21 00:00:00";"15:08:00";"Z";"2023-08-08";"2023-12-17"
658;"d130d734-6e2b-4ce7-8970-8653376e0abb";28.701;77.1;"2024-02-09 00:00:00";"11:00:00";"Y";"2023-01-20";"2023-06-22"
659;"00ce395d-ed6f-4bdd-98b1-e7e4a5c77d31";28.63;77.37;"2024-02-27 00:00:00";"13:46:00";"Z";"2023-07-19";"2023-11-10"
660;"9e1bb8fe-059e-4f63-9899-021567742f22";28.56;77.28;"2024-02-25 00:00:00";"18:08:00";"X";"2023-01-03";"2023-03-05"
661;"081b0340-d4d9-46cb-9e1c-eda27b84c43b";28.61;77.199;"2024-01-09 00:00:00";"18:17:00";"Z";"2023-07-13";"2023-10-20"
662;"c8658643-36df-4898-9e3e-0560cf48efc9";28.451;77.051;"2024-02-17 00:00:00";"15:05:00";"Z";"2023-05-17";"2023-08-30"
663;"b50b3a45-9729-43d6-b452-6c69ac7094de";28.559;77.28;"2024-01-30 00:00:00";"12:52:00";"Z";"2023-01-01";"2023-02-12"
664;"00ce395d-ed6f-4bdd-98b1-e7e4a5c77d31";28.551;77.381;"2024-02-28 00:00:00";"08:44:00";"Z";"2023-07-19";"2023-11-10"
665;"081b0340-d4d9-46cb-9e1c-eda27b84c43b";28.56;77.28;"2024-02-01 00:00:00";"22:08:00";"Z";"2023-07-13";"2023-10-20"
666;"2648e8b2-b9c6-45ef-80ee-a36a69f68229";28.551;77.38;"2024-02-22 00:00:00";"08:22:00";"Z";"2023-04-16";"2023-08-26"
667;"7caade52-b2f5-40e5-be42-66f46e2d070a";28.549;77.38;"2024-02-23 00:00:00";"20:21:00";"X";"2023-10-26";"2024-04-15"
668;"7f91a319-dafe-477e-8e49-5cbdf7a60173";28.55;77.381;"2024-02-27 00:00:00";"19:34:00";"Z";"2023-05-18";"2023-10-20"
669;"c2cdeb55-a67b-424e-9745-2f73ecedf6c3";28.7;77.101;"2024-02-04 00:00:00";"13:40:00";"X";"2023-02-05";"2023-06-10"
670;"2648e8b2-b9c6-45ef-80ee-a36a69f68229";28.631;77.369;"2024-01-07 00:00:00";"10:41:00";"Z";"2023-04-16";"2023-08-26"
671;"7caade52-b2f5-40e5-be42-66f46e2d070a";28.549;77.379;"2024-01-20 00:00:00";"17:37:00";"X";"2023-10-26";"2024-04-15"
672;"d130d734-6e2b-4ce7-8970-8653376e0abb";28.549;77.38;"2024-02-13 00:00:00";"18:11:00";"Y";"2023-01-20";"2023-06-22"
673;"3771c1be-fd5c-4398-ae8e-6397149ef6e2";28.56;77.28;"2024-02-01 00:00:00";"17:05:00";"Z";"2023-10-02";"2024-03-20"
674;"3771c1be-fd5c-4398-ae8e-6397149ef6e2";28.631;77.37;"2024-01-22 00:00:00";"11:02:00";"Z";"2023-10-02";"2024-03-20"
675;"ed1dd1f8-b8b3-4d0f-98c5-06023c010ec9";28.45;77.05;"2024-02-12 00:00:00";"18:19:00";"Y";"2023-07-15";"2023-11-30"
676;"081b0340-d4d9-46cb-9e1c-eda27b84c43b";28.45;77.05;"2024-01-29 00:00:00";"11:51:00";"Z";"2023-07-13";"2023-10-20"
677;"3771c1be-fd5c-4398-ae8e-6397149ef6e2";28.63;77.37;"2024-01-10 00:00:00";"12:32:00";"Z";"2023-10-02";"2024-03-20"
678;"2648e8b2-b9c6-45ef-80ee-a36a69f68229";28.449;77.049;"2024-01-26 00:00:00";"18:35:00";"Z";"2023-04-16";"2023-08-26"
